FID,Status,Score,Match_addr,City,Region,Postal,Addr_type,StreetID,X,Y,ARC_Street,ARC_City,Field1,Name,Address,City2,City1,State,Phone_Numb
3,U,0,,,,,,,-84.229023,39.037029,219 Ohio Pke,Batavia Township,253,GOLD STAR CHILI,219 Ohio Pke,Amelia,Batavia Township,OH,513-753-4471
4,U,0,,,,,,,-84.229767,39.036538,200 Main,Amelia,110,WENDYS COMPANY THE,200 Main,Amelia,Amelia,OH,513-752-1292
7,U,0,,,,,,,-84.091259,38.964669,625 Plane,Bethel,12,MCDONALDS,625 Plane,Bethel,Bethel,OH,513-427-9066
8,U,0,,,,,,,-84.090698,38.964638,621 Plane,Bethel,91,WENDYS OLD FASHIONED HAMBURGERS,621 Plane,Bethel,Bethel,OH,513-734-0794
10,U,0,,,,,,,-84.394042,39.22834,9270 Plainfld Rd,Blue Ash,342,TACO BELL,9270 Plainfld Rd,Blue Ash,Blue Ash,OH,513-984-8390
11,U,0,,,,,,,-84.393163,39.225215,9124 Plainfld Rd,Blue Ash,246,GOLD STAR CHILI,9124 Plainfld Rd,Blue Ash,Blue Ash,OH,513-891-7432
19,U,0,,,,,,,-84.37631,39.233037,9648 Kenwd Rd,Blue Ash,128,STARBUCKS COFFEE,9648 Kenwd Rd,Blue Ash,Blue Ash,OH,513-791-5224
20,U,0,,,,,,,-84.476671,39.197449,7400 Vine,Carthage,230,WHITE CASTLE SYSTEM INCORPORATED,7400 Vine,Carthage,Carthage,OH,513-948-1171
21,U,0,,,,,,,-84.198142,39.844757,3410 York Commons Blvd,Butler Twp,352,TACO BELL,3410 York Commons Blvd,Butler Twp,Butler Twp,OH,937-890-2580
30,U,0,,,,,,,-84.51714,39.100036,250 5th,Cincinnati,310,SUBWAY SANDWICHES SALADS,250 5th,Cincinnati,Downtown Cincinnati,OH,513-381-4108
35,U,0,,,,,,,-84.516945,39.215663,875 W Galbrth Rd,Cincinnati,299,SUBWAY SALADS,875 W Galbrth Rd,Cincinnati,Finneytown,OH,513-521-8700
37,U,0,,,,,,,-84.574476,39.113222,3738 Warwaw Av,Cincinnati,17,MCDONALDS,3738 Warwaw Av,Cincinnati,Price Hill,OH,513-471-2893
49,U,0,,,,,,,-84.512777,39.104249,34 7,Cincinnati,271,SUBWAY,34 7,Cincinnati,Downtown Cincinnati,OH,513-421-1113
76,U,0,,,,,,,-84.265692,39.09689,874 Eastgate Dr,Cincinnati,60,CHICK FIL A OF EASTGATE,874 Eastgate Dr,Cincinnati,Gleneste,OH,513-752-0223
79,U,0,,,,,,,-84.519125,39.216476,912 Galbrth Rd,Cincinnati,65,BROWNSWAY WENDYS,912 Galbrth Rd,Cincinnati,Finneytown,OH,513-827-9238
84,U,0,,,,,,,-84.490056,39.12744,855 Wilm Howard Taft Rd,Cincinnati,69,WENDYS,855 Wilm Howard Taft Rd,Cincinnati,Walnut Hills,OH,513-221-4534
116,U,0,,,,,,,-84.519474,39.128237,202 McMillan,Cincinnati,117,STARBUCKS COFFEE,202 McMillan,Cincinnati,Clifton Heights,OH,513-241-7015
128,U,0,,,,,,,-84.498558,39.128764,Reading & Wm Howard Taft Rds,Cincinnati,231,WHITE CASTLE SYSTEM INCORPORATED,Reading & Wm Howard Taft Rds,Cincinnati,Avondale,OH,513-961-2426
137,U,0,,,,,,,-84.263453,39.094367,Rt 32 Eastgate South Dr,Cincinnati,224,WHITE CASTLE SYSTEM INCORPORATED,Rt 32 Eastgate South Dr,Cincinnati,Summerside,OH,513-753-4474
141,U,0,,,,,,,-84.539414,39.158524,Spring Grove & Hamltn Avs,Cincinnati,219,WHITE CASTLE SYSTEM INCORPORATED,Spring Grove & Hamltn Avs,Cincinnati,Northside,OH,513-542-7291
144,U,0,,,,,,,-84.302599,39.069752,4010 Wilms Dr,Cincinnati,218,WHITE CASTLE SYSTEM INCORPORATED,4010 Wilms Dr,Cincinnati,Cherry Grove,OH,513-528-0266
162,U,0,,,,,,,-84.399466,39.208371,4081 Galbrth Rd,Deer Park,292,SUBWAY,4081 Galbrth Rd,Cincinnati,Deer Park,OH,513-984-8471
208,U,0,,,,,,,-84.563428,39.279299,11020 Hamltn Av,Forest Park,339,TACO BELL,11020 Hamltn Av,Forest Park,Forest Park,OH,513-825-3179
209,U,0,,,,,,,-84.52155,39.30257,350 Cinti Mills Dr,Forest Park,368,CHIPOTLE MEXICAN GRILL,350 Cinti Mills Dr,Forest Park,Forest Park,OH,513-671-3000
213,U,0,,,,,,,-84.190037,39.221854,1602 State Rt 28,Goshen Township,262,GREATER CINCINNATI SUBWAY,1602 State Rt 28,Goshen Township,Goshen Township,OH,513-722-3900
214,U,0,,,,,,,-84.610027,39.406894,1420 Millvl Av,Hamilton,5,MCDONALDS,1420 Millvl Av,Hamilton,Hamilton,OH,513-330-5287
223,U,0,,,,,,,-84.588977,39.421552,32 North Brookwd Av,Hamilton,103,WENDYS OLD FASHIONED HAMBURGERS,32 North Brookwd Av,Hamilton,Hamilton,OH,513-863-8122
230,U,0,,,,,,,-84.217935,39.339445,17 US Rt 22,Hamilton Township Ext Terr,238,GOLD STAR CHILI,17 US Rt 22,Hamilton Township Ext Terr,Hamilton Township Ext Terr,OH,513-677-0842
238,U,0,,,,,,,-84.473971,39.211182,8240 Vine,Hartwell,97,WENDYS OLD FASHIONED HAMBURGERS,8240 Vine,Hartwell,Hartwell,OH,513-821-3038
239,U,0,,,,,,,-84.220919,39.804475,4206 Main St,Harrison Twp,345,TACO BELL,4206 Main St,Harrison Twp,Harrison Twp,OH,937-278-3901
240,U,0,,,,,,,-84.225614,39.809806,4645 Main St,Harrison Twp,166,KENTUCKY FRIED CHICKEN,4645 Main St,Harrison Twp,Harrison Twp,OH,937-274-3480
241,U,0,,,,,,,-84.472879,39.212348,21 Galbrth Rd,Hartwell,259,GOLD STAR CHILI INCORPORATED,21 Galbrth Rd,Hartwell,Hartwell,OH,513-761-8633
242,U,0,,,,,,,-84.218379,39.346653,54 Grandin Rd,Hopkinsville,72,WENDYS,54 Grandin Rd,Hopkinsville,Hopkinsville,OH,513-583-5971
243,U,0,,,,,,,-84.370543,39.204245,8016 Hosbrk Rd,Kenwood,281,SUBWAY,8016 Hosbrk Rd,Kenwood,Kenwood,OH,513-745-0899
246,U,0,,,,,,,-84.381106,39.196581,7289 Kenwd Rd,Kenwood,106,WENDYS OLD FASHIONED HAMBURGERS,7289 Kenwd Rd,Kenwood,Kenwood,OH,513-984-2251
251,U,0,,,,,,,-84.205041,39.451295,2930 U S Route 22,Landen,28,MCDONALDS,2930 U S Route 22,Landen,Landen,OH,513-677-9504
254,U,0,,,,,,,-84.205031,39.451287,915 Broadway,Lebanon,302,SUBWAY SANDWICHES SALADS,915 Broadway,Lebanon,Lebanon,OH,513-228-0691
255,U,0,,,,,,,-84.19438,39.432243,615 Main,Lebanon,178,ARBYS ROAST BEEF,615 Main,Lebanon,Lebanon,OH,513-932-9608
256,U,0,,,,,,,-84.382594,39.371947,7132 Cincinnati Dayton Rd,Liberty Township,301,SUBWAY SANDWICH SHOP W CHSTR,7132 Cincinnati Dayton Rd,Liberty Township,Liberty Township,OH,513-779-7730
257,U,0,,,,,,,-84.378664,39.378903,6819 Liberty Plaza Dr,Liberty Township,121,STARBUCKS COFFEE,6819 Liberty Plaza Dr,Liberty Township,Liberty Township,OH,513-759-1951
258,U,0,,,,,,,-84.509466,39.102664,550 Main,Lebanon,160,KFC,550 Main,Lebanon,Lebanon,OH,513-932-1888
259,U,0,,,,,,,-84.377795,39.377906,6876 Cincinnati Dayton Rd,Liberty Township,373,CHIPOTLE MEXICAN GRILL,6876 Cincinnati Dayton Rd,Liberty Township,Liberty Township,OH,513-755-1630
260,U,0,,,,,,,-84.378028,39.376643,7387 Liberty Dr,Liberty Township,149,BURGER KING,7387 Liberty Dr,Liberty Township,Liberty Township,OH,513-779-5100
261,U,0,,,,,,,-84.472944,39.416645,4271 Hamltn-Midltwn Rd,Liberty Township,251,GOLD STAR CHILI,4271 Hamltn-Midltwn Rd,Liberty Township,Liberty Township,OH,513-868-9715
262,U,0,,,,,,,-84.36988,39.371733,7100 Foundry Row,Liberty Township,390,FIVE GUYS BURGERS FRIES,7100 Foundry Row,Liberty Township,Liberty Township,OH,513-779-0058
265,U,0,,,,,,,-84.420656,39.113041,650 Lunken Park Dr,Linwood,245,GOLD STAR CHILI,650 Lunken Park Dr,Linwood,Linwood,OH,513-624-7539
267,U,0,,,,,,,-84.657823,39.153078,6391 Bridgetown Rd,Mack,276,SUBWAY,6391 Bridgetown Rd,Mack,Mack,OH,513-598-6075
269,U,0,,,,,,,-84.363458,39.188634,"Madeira Crossing, 7011 Miami Av",Madeira,129,STARBUCKS COFFEE,"Madeira Crossing, 7011 Miami Av",Madeira,Madeira,OH,513-271-6338
270,U,0,,,,,,,-84.405424,39.158216,4786 Red Bank Exprswy,Madisonville,307,SUBWAY SANDWICHES SALADS,4786 Red Bank Exprswy,Madisonville,Madisonville,OH,513-272-8333
271,U,0,,,,,,,-84.40623,39.158072,4795 Red Bank Rd,Madisonville,232,GOLD STAR CHILI,4795 Red Bank Rd,Madisonville,Madisonville,OH,513-271-0020
274,U,0,,,,,,,-84.283934,39.303738,9147 Lighthse Way,Mason,264,LANDEN SUBWAY SANDWICHES SALADS,9147 Lighthse Way,Mason,Deerfld Twp,OH,513-697-7107
276,U,0,,,,,,,-84.319236,39.311901,5303 Bowen Dr,Mason,266,SUBWAY,5303 Bowen Dr,Mason,Deerfield Township,OH,513-234-0944
279,U,0,,,,,,,-84.29733,39.292959,3988 W U S Route 22,Mason,88,WENDYS OLD FASHIONED HAMBURGERS,3988 W U S Route 22,Mason,Deerfld Twp,OH,513-677-1890
280,U,0,,,,,,,-84.258483,39.228973,784 Loveland Miamiville Rd,Miami Township,279,SUBWAY,784 Loveland Miamiville Rd,Miami Township,Miami Township,OH,513-683-7600
281,U,0,,,,,,,-84.28082,39.223376,471 Wards Corner Rd,Miami Township,261,GOLD STAR CHILI,471 Wards Corner Rd,Miami Township,Miami Township,OH,513-831-1725
288,U,0,,,,,,,-84.260095,39.187932,5697 Romar Dr,Milford,379,CHIPOTLE MEXICAN GRILL,5697 Romar Dr,Milford,Mulberry,OH,513-965-8666
289,U,0,,,,,,,-84.257882,39.18789,5700 Romar Dr,Milford,54,CHICK FIL A,5700 Romar Dr,Milford,Mulberry,OH,513-248-0690
301,U,0,,,,,,,-84.285028,38.966095,1048 Old U S 52,New Richmond,236,GOLD STAR CHILI,1048 Old U S 52,New Richmond,New Richmond,OH,513-553-2536
305,U,0,,,,,,,-84.506562,39.161947,64 Mitchl Av,North Avondale,207,WHITE CASTLE,64 Mitchl Av,North Avondale,North Avondale,OH,513-641-4000
307,U,0,,,,,,,-84.546015,39.21737,1555 Galbrth Rd,North College Hill,153,BURGER KING,1555 Galbrth Rd,North College Hill,North College Hill,OH,513-931-3931
313,U,0,,,,,,,-84.443132,39.147644,"Rookwood Pavilion, 2692 Madsn Rd",Norwood,133,STARBUCKS COFFEE,"Rookwood Pavilion, 2692 Madsn Rd",Norwood,Norwood,OH,513-631-3329
314,U,0,,,,,,,-84.360364,39.141346,7431 Wooster Pike,Plainville,305,SUBWAY SANDWICHES SALADS,7431 Wooster Pike,Plainville,Plainville,OH,513-271-6444
315,U,0,,,,,,,-84.362917,39.142759,7337 Wooster Pike,Plainville,4,MCDONALDS,7337 Wooster Pike,Plainville,Plainville,OH,513-272-2124
316,U,0,,,,,,,-84.529062,39.103093,811 8th,Queensgate,214,WHITE CASTLE SYSTEM INCORPORATED,811 8th,Queensgate,Queensgate,OH,513-381-2300
323,U,0,,,,,,,-84.637019,39.323258,3790 Hamltn-Cleves Rd,Ross Township,257,GOLD STAR CHILI,3790 Hamltn-Cleves Rd,Ross Township,Ross Township,OH,513-738-3338
325,U,0,,,,,,,-84.706845,39.130832,55 Kibby Ln,Sayler Park,16,MCDONALDS,55 Kibby Ln,Sayler Park,Sayler Park,OH,513-467-9016
336,U,0,,,,,,,-84.485634,39.285915,11551 Springfld Pke,Springdale,260,GOLD STAR CHILI SPRINGDALE,11551 Springfld Pke,Springdale,Springdale,OH,513-834-5531
339,U,0,,,,,,,-84.485569,39.286578,11575 Springfld Pike,Springdale,209,WHITE CASTLE,11575 Springfld Pike,Springdale,Springdale,OH,513-771-4355
344,U,0,,,,,,,-84.340877,39.258488,10748 Montgmry Rd,Sycamore Township,19,MCDONALDS,10748 Montgmry Rd,Sycamore Township,Sycamore Township,OH,513-489-5374
345,U,0,,,,,,,-84.313406,39.292336,8969 Fields-Ertel Rd,Symmes Township,30,MCDONALDS,8969 Fields-Ertel Rd,Symmes Township,Symmes Township,OH,513-683-9667
346,U,0,,,,,,,-84.327944,39.27253,11379 Montgomry Rd,Symmes Township,131,STARBUCKS COFFEE,11379 Montgomry Rd,Symmes Township,Symmes Township,OH,513-469-1111
347,U,0,,,,,,,-84.310618,39.292374,9067 Fields-Ertel Rd,Symmes Township,334,TACO BELL,9067 Fields-Ertel Rd,Symmes Township,Symmes Township,OH,513-583-0043
348,U,0,,,,,,,-84.312819,39.292458,Fields-Ertel Rd & I-71,Symmes Township,223,WHITE CASTLE SYSTEM INCORPORATED,Fields-Ertel Rd & I-71,Symmes Township,Symmes Township,OH,513-683-2890
349,U,0,,,,,,,-84.296114,39.249414,10500 Loveland Madeira Rd,Symmes Township,263,GREATER CINCINNATI SUBWAY LLC,10500 Loveland Madeira Rd,Symmes Township,Symmes Township,OH,513-677-5153
350,U,0,,,,,,,-84.29437,39.254014,10660 Loveland Madeira Rd,Symmes Township,192,ARBYS ROAST BEEF RESTAURANTS,10660 Loveland Madeira Rd,Symmes Township,Symmes Township,OH,513-683-4508
351,U,0,,,,,,,-84.296028,39.25157,10558 Loveland Madeira Rd,Symmes Township,148,BURGER KING,10558 Loveland Madeira Rd,Symmes Township,Symmes Township,OH,513-774-9955
352,U,0,,,,,,,-84.314223,39.292497,8955 Fields-Ertel Rd,Symmes Township,193,ARBYS ROAST BEEF RESTAURANTS,8955 Fields-Ertel Rd,Symmes Township,Symmes Township,OH,513-683-9637
353,U,0,,,,,,,-84.15949,39.661568,5837 Far Hills Av,Washington Twp,346,TACO BELL,5837 Far Hills Av,Washington Twp,Washington Twp,OH,937-291-0858
354,U,0,,,,,,,-84.159997,39.609679,9300 Dayton Lebanon Pike,Washington Twp,348,TACO BELL,9300 Dayton Lebanon Pike,Washington Twp,Washington Twp,OH,937-428-0556
356,U,0,,,,,,,-84.371358,39.353947,7425 Tylrsvl Rd,West Chester,52,JACK IN THE BOX,7425 Tylrsvl Rd,West Chester,West Chester,OH,513-755-3000
358,U,0,,,,,,,-84.461862,39.361804,4747 Tylrsvl Rd,West Chester,116,STARBUCKS,4747 Tylrsvl Rd,West Chester,West Chester,OH,513-860-1341
370,U,0,,,,,,,-84.368479,39.354296,7679 Doc Dr,West Chester,39,MCDONALDS,7679 Doc Dr,West Chester,West Chester,OH,513-777-0008
371,U,0,,,,,,,-84.430438,39.321907,5909 Muhlhauser Rd,West Chester,104,WENDYS OLD FASHIONED HAMBURGERS,5909 Muhlhauser Rd,West Chester,West Chester,OH,513-874-3134
376,U,0,,,,,,,-84.429763,39.322625,6031 Muhlhauser Rd,West Chester,155,BURGER KING,6031 Muhlhauser Rd,West Chester,West Chester,OH,513-942-7845
381,U,0,,,,,,,-84.37161,39.369073,7602 Trailside Dr,West Chester,58,CHICK FIL A LIBERTY WAY,7602 Trailside Dr,West Chester,West Chester,OH,513-777-0200
382,U,0,,,,,,,-84.528183,39.108933,1301 Linn,West End,313,RICHIES FAST FOOD RESTAURANT,1301 Linn,West End,West End,OH,513-241-1876
383,U,0,,,,,,,-84.759642,39.174257,4175 Hamilton Cleves Rd,Whitewater Twp,233,GOLD STAR CHILI,4175 Hamilton Cleves Rd,Whitewater Twp,Whitewater Twp,OH,513-353-0709
384,U,0,,,,,,,-84.759782,39.173999,4153 Hamilton Cleves Rd,Whitewater Twp,269,SUBWAY,4153 Hamilton Cleves Rd,Whitewater Twp,Whitewater Twp,OH,513-353-4555
385,U,0,,,,,,,-84.249075,39.089818,1146 Marian Dr,Willowville,105,WENDYS OLD FASHIONED HAMBURGERS,1146 Marian Dr,Willowville,Willowville,OH,513-947-1111
386,U,0,,,,,,,-84.512895,39.165187,255 W Mitchl Av,Winton Place,29,MCDONALDS,255 W Mitchl Av,Winton Place,Winton Place,OH,513-681-9650
387,U,0,,,,,,,-84.470054,39.26074,10601 Springfld Pike,Woodlawn,173,POPEYES CHICKEN,10601 Springfld Pike,Woodlawn,Woodlawn,OH,513-771-2640
388,U,0,,,,,,,-84.470875,39.241308,1504 Springfld Pke,Wyoming,285,SUBWAY,1504 Springfld Pke,Wyoming,Wyoming,OH,513-821-9119
389,U,0,,,,,,,-84.248638,39.04944,1186 State Rt 125,Withamsville,337,TACO BELL,1186 State Rt 125,Withamsville,Withamsville,OH,513-753-0936
391,U,0,,,,,,,-84.238376,39.194191,US 28 Bypass & Old US 28,Milford,228,WHITE CASTLE SYSTEM INCORPORATED,US 28 Bypass & Old US 28,Milford,Mulberry,OH,513-831-0306
355,M,88.33,"801 E Central Ave, West Carrollton City, OH, 45449",West Carrollton City,OH,45449,StreetAddress,4684000008,-84.240512,39.677077,801 Central Av,West Carrollton,350,TACO BELL,801 Central Av,West Carrollton,West Carrollton,OH,937-859-1650
215,M,88.55,"1331 NW Washington Blvd, Hamilton, OH, 45013",Hamilton,OH,45013,StreetAddress,4684000009,-84.57827,39.423085,1331 Washngtn Blvd,Hamilton,43,MCDONALDS,1331 Washngtn Blvd,Hamilton,Hamilton,OH,513-795-6516
153,M,88.98,"North Bend Rd & Winton Rd, Cincinnati, OH, 45224",,,,StreetInt,,-84.520911,39.201359,North Bend & Winton Rds,Cincinnati,222,WHITE CASTLE SYSTEM INCORPORATED,North Bend & Winton Rds,Cincinnati,College Hill,OH,513-681-6747
5,M,89.04,"625 W Plane St, Bethel, OH, 45106",Bethel,OH,45106,StreetAddress,4684000000,-84.08495,38.963791,625 W Plane,Bethel,34,MCDONALDS,625 W Plane,Bethel,Bethel,OH,513-734-3466
6,M,89.04,"609 W Plane St, Bethel, OH, 45106",Bethel,OH,45106,StreetAddress,4684000000,-84.084875,38.963786,609 W Plane,Bethel,195,ARBYS ROAST BEEF RESTAURANTS,609 W Plane,Bethel,Bethel,OH,513-734-6864
24,T,89.04,"425 Walnut St, Cincinnati, OH, 45202",Cincinnati,OH,45202,StreetAddress,4684000015,-84.511219,39.100448,425 Walnut,Cincinnati,309,SUBWAY SANDWICHES SALADS,425 Walnut,Cincinnati,Downtown Cincinnati,OH,513-381-2212
33,M,89.04,"1003 Gest St, Cincinnati, OH, 45203",Cincinnati,OH,45203,StreetAddress,4684000015,-84.533036,39.106519,1003 Gest,Cincinnati,320,TACO BELL,1003 Gest,Cincinnati,Downtown Cincinnati,OH,513-241-8226
40,M,89.04,"1143 Saint Gregory St, Cincinnati, OH, 45202",Cincinnati,OH,45202,StreetAddress,4684000015,-84.497668,39.108715,1143 St Gregory,Cincinnati,297,SUBWAY HDQTERS OF GREATER CINCINNATI,1143 St Gregory,Cincinnati,Mt Adams,OH,513-421-2660
43,M,89.04,"580 Walnut St, Cincinnati, OH, 45202",Cincinnati,OH,45202,StreetAddress,4684000015,-84.511596,39.102544,580 Walnut,Cincinnati,325,TACO BELL,580 Walnut,Cincinnati,Downtown Cincinnati,OH,513-381-0144
68,M,89.04,"444 OH 125, Cincinnati, OH, 45255",Cincinnati,OH,45255,StreetAddress,4684000003,-84.3108,39.071731,444 State Rt 125,Cincinnati,361,CHIPOTLE MEXICAN GRILL,444 State Rt 125,Cincinnati,Cherry Grove,OH,513-528-0670
75,T,89.04,"522 Vine St, Cincinnati, OH, 45202",Cincinnati,OH,45202,StreetAddress,4684000015,-84.51306,39.101867,522 Vine,Cincinnati,365,CHIPOTLE MEXICAN GRILL,522 Vine,Cincinnati,Downtown Cincinnati,OH,513-579-9900
87,M,89.04,"1227 State Ave, Cincinnati, OH, 45204",Cincinnati,OH,45204,StreetAddress,4684000007,-84.551304,39.111068,1227 State Rt 125,Cincinnati,372,CHIPOTLE MEXICAN GRILL,1227 State Rt 125,Cincinnati,Pierce Township,OH,513-752-3444
89,M,89.04,"258 Stetson St, Cincinnati, OH, 45219",Cincinnati,OH,45219,StreetAddress,4684000015,-84.503471,39.134607,258 Stetson,Cincinnati,381,CHIPOTLE MEXICAN GRILL INCORPORATED,258 Stetson,Cincinnati,Corryville,OH,513-559-9300
92,M,89.04,"1015 Gest St, Cincinnati, OH, 45203",Cincinnati,OH,45203,StreetAddress,4684000015,-84.533196,39.106551,1015 Gest,Cincinnati,78,WENDYS OLD FASHIONED HAMBURGERS,1015 Gest,Cincinnati,Downtown Cincinnati,OH,513-241-2458
103,M,89.04,"1246 Hopple St, Cincinnati, OH, 45225",Cincinnati,OH,45225,StreetAddress,4684000018,-84.536522,39.137268,1246 Hopple,Cincinnati,89,WENDYS OLD FASHIONED HAMBURGERS,1246 Hopple,Cincinnati,Camp Washington,OH,513-681-0500
114,M,89.04,"580 Walnut St, Cincinnati, OH, 45202",Cincinnati,OH,45202,StreetAddress,4684000015,-84.511596,39.102544,580 Walnut,Cincinnati,113,STARBUCKS,580 Walnut,Cincinnati,Downtown Cincinnati,OH,513-381-1593
115,M,89.04,"580 Walnut St, Cincinnati, OH, 45202",Cincinnati,OH,45202,StreetAddress,4684000015,-84.511596,39.102544,580 Walnut,Cincinnati,114,STARBUCKS,580 Walnut,Cincinnati,Downtown Cincinnati,OH,513-381-2305
119,M,89.04,"449 OH 125, Cincinnati, OH, 45255",Cincinnati,OH,45255,StreetAddress,4684000003,-84.310568,39.071606,449 State Rt 125,Cincinnati,115,STARBUCKS,449 State Rt 125,Cincinnati,Cherry Grove,OH,513-528-0146
120,M,89.04,"201 OH 4, Cincinnati, OH, 45215",Cincinnati,OH,45215,StreetAddress,4684000007,-84.473246,39.222305,201 4th,Cincinnati,122,STARBUCKS COFFEE,201 4th,Cincinnati,Downtown Cincinnati,OH,513-241-4000
122,M,89.04,"401 Vine St, Cincinnati, OH, 45202",Cincinnati,OH,45202,StreetAddress,4684000015,-84.512716,39.099957,401 Vine,Cincinnati,123,STARBUCKS COFFEE,401 Vine,Cincinnati,Downtown Cincinnati,OH,513-929-0430
133,M,89.04,"512 OH 125, Cincinnati, OH, 45255",Cincinnati,OH,45255,StreetAddress,4684000000,-84.306728,39.071354,512 State Rt 125,Cincinnati,142,BURGER KING,512 State Rt 125,Cincinnati,Cherry Grove,OH,513-528-6320
158,M,89.04,"5680 Harrison Ave, Cincinnati, OH, 45248",Cincinnati,OH,45248,StreetAddress,4684000008,-84.636698,39.168641,5680 Harrison Rd,Cincinnati,190,ARBYS ROAST BEEF RESTAURANTS,5680 Harrison Rd,Cincinnati,Bridgetown,OH,513-574-0438
164,M,89.04,"6505 Harrison Ave, Dent, OH, 45247",Dent,OH,45247,StreetAddress,4684000007,-84.659106,39.192778,6505 Harrison Rd,Dent,73,WENDYS,6505 Harrison Rd,Dent,Dent,OH,513-598-1222
165,M,89.04,"6440 Harrison Ave, Dent, OH, 45247",Dent,OH,45247,StreetAddress,4684000007,-84.657576,39.191574,6440 Harrison Rd,Dent,367,CHIPOTLE MEXICAN GRILL,6440 Harrison Rd,Dent,Dent,OH,513-598-8200
169,M,89.04,"6590 Harrison Ave, Dent, OH, 45247",Dent,OH,45247,StreetAddress,4684000008,-84.660987,39.194493,6590 Harrison Rd,Dent,25,MCDONALDS,6590 Harrison Rd,Dent,Dent,OH,513-574-5402
174,M,89.04,"2552 Cunningham Rd, Evendale, OH, 45215",Evendale,OH,45215,StreetAddress,4684000018,-84.426712,39.253636,2552 Cunningham Dr,Evendale,362,CHIPOTLE MEXICAN GRILL,2552 Cunningham Dr,Evendale,Evendale,OH,513-554-0911
175,M,89.04,"2520 Cunningham Rd, Evendale, OH, 45215",Evendale,OH,45215,StreetAddress,4684000018,-84.426549,39.253955,2520 Cunningham Dr,Evendale,120,STARBUCKS COFFEE,2520 Cunningham Dr,Evendale,Evendale,OH,513-554-1120
211,M,89.04,"1560 Main St, Hamilton, OH, 45013",Hamilton,OH,45013,StreetAddress,4684000016,-84.598307,39.428225,1560 Main,Hamilton,296,SUBWAY FIVE SIX ONE THREE ONE,1560 Main,Hamilton,Hamilton,OH,513-737-1217
217,M,89.04,"851 High St, Hamilton, OH, 45011",Hamilton,OH,45011,StreetAddress,4684000009,-84.552495,39.396921,851 High,Hamilton,208,WHITE CASTLE,851 High,Hamilton,Hamilton,OH,513-737-5504
220,M,89.04,"1410 Main St, Hamilton, OH, 45013",Hamilton,OH,45013,StreetAddress,4684000009,-84.589948,39.420499,1410 Main,Hamilton,341,TACO BELL,1410 Main,Hamilton,Hamilton,OH,513-868-0728
222,M,89.04,"816 High St, Hamilton, OH, 45011",Hamilton,OH,45011,StreetAddress,4684000009,-84.552894,39.397161,816 High,Hamilton,102,WENDYS OLD FASHIONED HAMBURGERS,816 High,Hamilton,Hamilton,OH,513-863-0627
226,M,89.04,"1246 Main St, Hamilton, OH, 45013",Hamilton,OH,45013,StreetAddress,4684000009,-84.587284,39.418307,1246 Main,Hamilton,250,GOLD STAR CHILI,1246 Main,Hamilton,Hamilton,OH,513-863-8956
252,M,89.04,"10 Dave Ave, Lebanon, OH, 45036",Lebanon,OH,45036,StreetAddress,4684000015,-84.193678,39.432537,10 Dave,Lebanon,244,GOLD STAR CHILI,10 Dave,Lebanon,Lebanon,OH,513-932-4642
290,T,89.04,"1040 State Hwy 28, Milford, OH, 45150",Milford,OH,45150,StreetAddress,4684000018,-84.275989,39.18079,1040 Hwy 28,Milford,256,GOLD STAR CHILI,1040 Hwy 28,Milford,Mulberry,OH,513-831-4692
291,T,89.04,"1101 State Hwy 28, Milford, OH, 45150",Milford,OH,45150,StreetAddress,4684000018,-84.274674,39.181563,1101 Hwy 28,Milford,46,MCDONALDS,1101 Hwy 28,Milford,Mulberry,OH,513-831-2914
295,T,89.04,"906 State Hwy 28, Milford, OH, 45150",Milford,OH,45150,StreetAddress,4684000000,-84.279751,39.178124,906 Hwy 28,Milford,200,ARBYS ROAST BEEF RESTAURANTS,906 Hwy 28,Milford,Mulberry,OH,513-831-7733
306,M,89.04,"7397 Main St, Newtown, OH, 45244",Newtown,OH,45244,StreetAddress,4684000018,-84.349254,39.124441,7397 Main,Newtown,306,SUBWAY SANDWICHES SALADS,7397 Main,Newtown,Newtown,OH,513-272-3322
341,M,89.04,"4921 Vine St, St Bernard, OH, 45217",St Bernard,OH,45217,StreetAddress,4684000014,-84.497418,39.169667,4921 Vine,St Bernard,304,SUBWAY SANDWICHES SALADS,4921 Vine,St Bernard,St Bernard,OH,513-242-5822
342,M,89.04,"4910 Vine St, St Bernard, OH, 45217",St Bernard,OH,45217,StreetAddress,4684000014,-84.497332,39.169134,4910 Vine,St Bernard,62,BROWNSWAY WENDYS,4910 Vine,St Bernard,St Bernard,OH,513-242-6074
343,M,89.04,"4910 Vine St, St Bernard, OH, 45217",St Bernard,OH,45217,StreetAddress,4684000014,-84.497332,39.169134,4910 Vine,St Bernard,66,BROWNSWAY WENDYS,4910 Vine,St Bernard,St Bernard,OH,513-834-8143
357,M,89.04,"7733 Voice of America Dr, West Chester, OH, 45069",West Chester,OH,45069,StreetAddress,4684000014,-84.36211,39.353527,7733 Voice Of America Centre D R,West Chester,56,CHICK FIL A,7733 Voice Of America Centre D R,West Chester,West Chester,OH,513-779-1767
361,M,89.04,"7717 Voice of America Dr, West Chester, OH, 45069",West Chester,OH,45069,StreetAddress,4684000014,-84.362681,39.353646,7717 Voice Of America Centre Dr,West Chester,374,CHIPOTLE MEXICAN GRILL,7717 Voice Of America Centre Dr,West Chester,West Chester,OH,513-779-3615
66,T,90.87,"299 Martin Luther King Dr W, Cincinnati, OH, 45219",Cincinnati,OH,45219,StreetAddress,4684000015,-84.517475,39.135072,299 Martin Luther King Dr,Cincinnati,363,CHIPOTLE MEXICAN GRILL,299 Martin Luther King Dr,Cincinnati,Corryville,OH,513-559-9300
86,M,90.87,"912 W Galbraith Rd, Cincinnati, OH, 45231",Cincinnati,OH,45231,StreetAddress,4684000007,-84.51881,39.215953,912 Galbraith Rd,Cincinnati,67,BROWNSWAY WENDYS,912 Galbraith Rd,Cincinnati,Finneytown,OH,513-931-3471
102,T,90.87,"299 Martin Luther King Dr W, Cincinnati, OH, 45219",Cincinnati,OH,45219,StreetAddress,4684000015,-84.517475,39.135072,299 Martin Luther King Dr,Cincinnati,386,CHIPOTLE MEXICAN GRILL INCORPORATED,299 Martin Luther King Dr,Cincinnati,Corryville,OH,513-559-0057
163,M,90.87,"1414 N Keowee St, Dayton, OH, 45404",Dayton,OH,45404,StreetAddress,4684000018,-84.188904,39.783359,1414 Keowee St,Dayton,344,TACO BELL,1414 Keowee St,Dayton,Dayton,OH,937-262-7971
166,T,90.87,"4023 W 3rd St, Dayton, OH, 45417",Dayton,OH,45417,StreetAddress,4684000016,-84.252101,39.74962,4023 Third St,Dayton,165,KENTUCKY FRIED CHICKEN,4023 Third St,Dayton,Dayton,OH,937-268-7361
180,T,90.87,"45 W Main St, Dayton, OH, 45426",Dayton,OH,45426,StreetAddress,4684000016,-84.312809,39.797394,45 Main St,Dayton,293,SUBWAY,45 Main St,Dayton,Dayton,OH,937-224-3040
181,T,90.87,"440 S Broad St, Fairborn, OH, 45324",Fairborn,OH,45324,StreetAddress,4684000015,-84.029335,39.817619,440 Broad St,Fairborn,169,KENTUCKY FRIED CHICKEN,440 Broad St,Fairborn,Fairborn,OH,937-878-1977
277,T,90.87,"107 W Main St, Mason, OH, 45040",Mason,OH,45040,StreetAddress,4684000018,-84.309201,39.360194,107 Main St,Mason,303,SUBWAY SANDWICHES SALADS,107 Main St,Mason,Mason,OH,513-229-7775
296,M,90.87,"1265 Hamilton Lebanon Rd E, Monroe, OH, 45050",Monroe,OH,45050,StreetAddress,4684000016,-84.338987,39.440273,1265 Hamilton Lebanon Rd,Monroe,85,WENDYS OLD FASHIONED HAMBURGERS,1265 Hamilton Lebanon Rd,Monroe,Monroe,OH,513-539-6955
332,M,90.87,"890 W Central Ave, Springboro, OH, 45066",Springboro,OH,45066,StreetAddress,4684000018,-84.26374,39.562705,890 Central Av,Springboro,109,WENDYS OLD FASHIONED HAMBURGERS,890 Central Av,Springboro,Springboro,OH,937-746-7686
334,M,90.87,"1340 E Kemper Rd, Springdale, OH, 45246",Springdale,OH,45246,StreetAddress,4684000008,-84.449661,39.286242,1340 Kemper Rd,Springdale,156,BURGER KING RESTAURANT,1340 Kemper Rd,Springdale,Springdale,OH,513-671-0761
390,T,90.87,"124 W Main St, Xenia, OH, 45385",Xenia,OH,45385,StreetAddress,4684000010,-83.931498,39.684893,124 Main St,Xenia,167,KENTUCKY FRIED CHICKEN,124 Main St,Xenia,Xenia,OH,937-372-8311
139,M,94.49,"Hopple St & Central Pkwy, Cincinnati, OH, 00000",,,,StreetInt,,-84.532933,39.139072,Hopple & Central Pkwy,Cincinnati,229,WHITE CASTLE SYSTEM INCORPORATED,Hopple & Central Pkwy,Cincinnati,Camp Washington,OH,513-861-3222
324,M,94.49,"E Benson St & Reading Rd, Reading, OH, 45215",,,,StreetInt,,-84.441108,39.22263,E Benson & Reading Rd,Reading,227,WHITE CASTLE SYSTEM INCORPORATED,E Benson & Reading Rd,Reading,Reading,OH,513-821-3440
244,M,94.62,"10570 Harrison Ave, Harrison, OH, 45030",Harrison,OH,45030,StreetAddress,4684000008,-84.794752,39.253028,10570 Harisn Av,Harrison Twp,7,MCDONALDS,10570 Harisn Av,Harrison Twp,Harrison Twp,OH,513-367-6839
331,M,95.41,"US 42 & I 275 E, Sharonville, OH, 45241",,,,StreetInt,,-84.3952,39.289078,US 42 & I-275,Sharonville,226,WHITE CASTLE SYSTEM INCORPORATED,US 42 & I-275,Sharonville,Sharonville,OH,513-769-0939
167,M,95.42,"2001 Hospital Dr, Batavia, OH, 45103",Batavia,OH,45103,StreetAddress,4684000007,-84.147441,39.080802,2001 Hospital Dr,East Batavia Heights,33,MCDONALDS,2001 Hospital Dr,East Batavia Heights,East Batavia Heights,OH,513-732-6516
168,M,95.42,"2196 Winemiller Ln, Batavia, OH, 45103",Batavia,OH,45103,StreetAddress,4684000000,-84.152868,39.083031,2196 Winemiller Ln,East Batavia Heights,145,BURGER KING,2196 Winemiller Ln,East Batavia Heights,East Batavia Heights,OH,513-732-3311
170,M,95.42,"2195 Winemiller Ln, Batavia, OH, 45103",Batavia,OH,45103,StreetAddress,4684000000,-84.152948,39.082939,2195 Winemiller Ln,East Batavia Heights,239,GOLD STAR CHILI,2195 Winemiller Ln,East Batavia Heights,East Batavia Heights,OH,513-735-9660
172,M,95.42,"2019 Hospital Dr, Batavia, OH, 45103",Batavia,OH,45103,StreetAddress,4684000007,-84.147366,39.080762,2019 Hospital Dr,East Batavia Heights,194,ARBYS ROAST BEEF RESTAURANTS,2019 Hospital Dr,East Batavia Heights,East Batavia Heights,OH,513-732-3390
69,M,97.16,"11943 Hamilton Ave, Cincinnati, OH, 45231",Cincinnati,OH,45231,StreetAddress,4684000018,-84.562964,39.301182,11943 Hamltn Av,Cincinnati,278,SUBWAY,11943 Hamltn Av,Cincinnati,Colerain Township,OH,513-674-7827
185,M,97.16,"5165 Pleasant Ave, Fairfield, OH, 45014",Fairfield,OH,45014,StreetAddress,4684000008,-84.560139,39.338683,5165 Plesnt Av,Fairfield,150,BURGER KING,5165 Plesnt Av,Fairfield,Fairfield,OH,513-867-9933
299,M,97.16,"7821 Hamilton Ave, Mount Healthy, OH, 45231",Mount Healthy,OH,45231,StreetAddress,4684000007,-84.548037,39.235174,7821 Hamltn Av,Mt Healthy,255,GOLD STAR CHILI,7821 Hamltn Av,Mt Healthy,Mt Healthy,OH,513-522-4376
300,M,97.16,"7315 Hamilton Ave, Mount Healthy, OH, 45231",Mount Healthy,OH,45231,StreetAddress,4684000008,-84.548632,39.228168,7315 Hamltn Av,Mt Healthy,217,WHITE CASTLE SYSTEM INCORPORATED,7315 Hamltn Av,Mt Healthy,Mt Healthy,OH,513-522-9800
216,M,97.44,"3153 Princeton Rd, Hamilton, OH, 45011",Hamilton,OH,45011,StreetAddress,4684000003,-84.510278,39.390987,3153 Princtn Rd,Hamilton,289,SUBWAY,3153 Princtn Rd,Hamilton,Fairfield Township,OH,513-893-5445
221,M,97.44,"3101 Princeton Rd, Hamilton, OH, 45011",Hamilton,OH,45011,StreetAddress,4684000003,-84.511754,39.391062,3101 Princtn Rd,Hamilton,203,ARBYS ROAST BEEF RESTAURANTS,3101 Princtn Rd,Hamilton,Fairfield Township,OH,513-894-2549
224,M,97.44,"2981 Princeton Rd, Hamilton, OH, 45011",Hamilton,OH,45011,StreetAddress,4684000003,-84.515186,39.39124,2981 Princtn Rd,Hamilton,171,POPEYES,2981 Princtn Rd,Hamilton,Fairfield Township,OH,513-737-4519
225,M,97.44,"3335 Princeton Rd, Hamilton, OH, 45011",Hamilton,OH,45011,StreetAddress,4684000008,-84.504369,39.390655,3335 Princtn Rd,Hamilton,371,CHIPOTLE MEXICAN GRILL,3335 Princtn Rd,Hamilton,Fairfield Township,OH,513-737-3403
228,M,97.44,"3403 Princeton Rd, Hamilton, OH, 45011",Hamilton,OH,45011,StreetAddress,4684000008,-84.502298,39.390556,3403 Princtn Rd,Hamilton,57,CHICK FIL A,3403 Princtn Rd,Hamilton,Fairfield Township,OH,513-892-4232
229,M,97.44,"3111 Princeton Rd, Hamilton, OH, 45011",Hamilton,OH,45011,StreetAddress,4684000003,-84.51147,39.391048,3111 Princtn Rd,Hamilton,391,CULVERS OF HAMILTON,3111 Princtn Rd,Hamilton,Fairfield Township,OH,513-785-7600
227,M,97.68,"1003 NW Washington Blvd, Hamilton, OH, 45013",Hamilton,OH,45013,StreetAddress,4684000009,-84.584571,39.424184,1003 NW Washngtn Blvd,Hamilton,201,ARBYS ROAST BEEF RESTAURANTS,1003 NW Washngtn Blvd,Hamilton,Hamilton,OH,513-863-7636
245,M,97.68,"8031 Montgomery Rd, Kenwood, OH, 45236",Kenwood,OH,45236,StreetAddress,4684000008,-84.371859,39.202322,8031 Montgmry Rd,Kenwood,198,ARBYS ROAST BEEF RESTAURANTS,8031 Montgmry Rd,Kenwood,Kenwood,OH,513-791-2727
248,M,97.68,"7916 Montgomery Rd, Kenwood, OH, 45236",Kenwood,OH,45236,StreetAddress,4684000018,-84.377841,39.199782,7916 Montgmry Rd,Kenwood,41,MCDONALDS,7916 Montgmry Rd,Kenwood,Kenwood,OH,513-791-5553
249,M,97.68,"7875 Montgomery Rd, Kenwood, OH, 45236",Kenwood,OH,45236,StreetAddress,4684000018,-84.377495,39.200024,7875 Montgmry Rd,Kenwood,376,CHIPOTLE MEXICAN GRILL,7875 Montgmry Rd,Kenwood,Kenwood,OH,513-793-8200
250,M,97.68,"7896 Montgomery Rd, Kenwood, OH, 45236",Kenwood,OH,45236,StreetAddress,4684000018,-84.378258,39.199636,7896 Montgmry Rd,Kenwood,132,STARBUCKS COFFEE,7896 Montgmry Rd,Kenwood,Kenwood,OH,513-891-7740
253,M,97.68,"7875 Montgomery Rd, Kenwood, OH, 45236",Kenwood,OH,45236,StreetAddress,4684000018,-84.377495,39.200024,7875 Montgmry Rd,Kenwood,139,STARBUCKS COFFEE COMPANY,7875 Montgmry Rd,Kenwood,Kenwood,OH,513-984-1014
266,M,97.68,"8154 Montgomery Rd, Madeira, OH, 45236",Madeira,OH,45236,StreetAddress,4684000018,-84.368758,39.204153,8154 Montgmry Rd,Madeira,377,CHIPOTLE MEXICAN GRILL,8154 Montgmry Rd,Madeira,Madeira,OH,513-936-9188
308,M,97.68,"4474 Montgomery Rd, Norwood, OH, 45212",Norwood,OH,45212,StreetAddress,4684000008,-84.457082,39.159022,4474 Montgmry Rd,Norwood,86,WENDYS OLD FASHIONED HAMBURGERS,4474 Montgmry Rd,Norwood,Norwood,OH,513-631-2215
310,M,97.68,"4478 Montgomery Rd, Norwood, OH, 45212",Norwood,OH,45212,StreetAddress,4684000008,-84.457034,39.159095,4478 Montgmry Rd,Norwood,330,TACO BELL,4478 Montgmry Rd,Norwood,Norwood,OH,513-531-7291
311,M,97.68,"5075 Montgomery Rd, Norwood, OH, 45212",Norwood,OH,45212,StreetAddress,4684000008,-84.453259,39.167193,5075 Montgmry Rd,Norwood,220,WHITE CASTLE SYSTEM INCORPORATED,5075 Montgmry Rd,Norwood,Norwood,OH,513-631-4450
312,M,97.68,"4402 Montgomery Rd, Norwood, OH, 45212",Norwood,OH,45212,StreetAddress,4684000008,-84.458032,39.157592,4402 Montgmry Rd,Norwood,357,CHIPOTLE MEXICAN GRILL,4402 Montgmry Rd,Norwood,Norwood,OH,513-351-0100
372,M,98.65,"8342 Princeton Glendale Rd, West Chester, OH, 45069",West Chester,OH,45069,StreetAddress,4684000003,-84.461422,39.34938,8342 Princtn-Glendale Rd,West Chester,101,WENDYS OLD FASHIONED HAMBURGERS,8342 Princtn-Glendale Rd,West Chester,West Chester,OH,513-860-3936
375,M,98.65,"8116 Princeton Glendale Rd, West Chester, OH, 45069",West Chester,OH,45069,StreetAddress,4684000004,-84.461132,39.354141,8116 Princtn-Glendale Rd,West Chester,204,ARBYS ROAST BEEF RESTAURANTS,8116 Princtn-Glendale Rd,West Chester,West Chester,OH,513-942-2275
171,M,98.84,"2964 PG Graves Ln, Evendale, OH, 45241",Evendale,OH,45241,StreetAddress,4684000007,-84.424563,39.252797,2964 P G Graves Ln,Evendale,188,ARBYS ROAST BEEF RESTAURANTS,2964 P G Graves Ln,Evendale,Evendale,OH,513-530-0130
101,M,98.93,"3659 Stonecreek Blvd, Cincinnati, OH, 45251",Cincinnati,OH,45251,StreetAddress,4684000015,-84.599841,39.252743,3659 Stone Creek Blvd,Cincinnati,387,FIVE GUYS,3659 Stone Creek Blvd,Cincinnati,Colerain Township,OH,513-245-1530
304,M,98.93,"3478 River Hills Dr, Newtown, OH, 45244",Newtown,OH,45244,StreetAddress,4684000015,-84.355736,39.124229,3478 Riverhills Dr,Newtown,79,WENDYS OLD FASHIONED HAMBURGERS,3478 Riverhills Dr,Newtown,Newtown,OH,513-271-6692
99,M,99.44,"4397 Glen Este Withamsville Rd, Cincinnati, OH, 45245",Cincinnati,OH,45245,StreetAddress,4684000003,-84.264333,39.08926,4397 Gleneste Withamsville Rd,Cincinnati,385,CHIPOTLE MEXICAN GRILL INCORPORATED,4397 Gleneste Withamsville Rd,Cincinnati,Gleneste,OH,513-947-8201
148,M,99.44,"4402 Glen Este Withamsville Rd, Cincinnati, OH, 45245",Cincinnati,OH,45245,StreetAddress,4684000003,-84.264084,39.089659,4402 Gleneste Withamsville Rd,Cincinnati,174,POPEYES CHICKEN,4402 Gleneste Withamsville Rd,Cincinnati,Gleneste,OH,513-943-9100
0,M,100,"3787 Waterford Pkwy, Amelia, OH, 45102",Amelia,OH,45102,StreetAddress,4684000016,-84.251428,39.052119,3787 Waterford Pkwy,Amelia,159,KFC,3787 Waterford Pkwy,Amelia,Union Township,OH,513-753-6970
1,M,100,"3790 Waterford Pkwy, Amelia, OH, 45102",Amelia,OH,45102,StreetAddress,4684000016,-84.251368,39.052012,3790 Waterford Pkwy,Amelia,335,TACO BELL,3790 Waterford Pkwy,Amelia,Union Township,OH,513-752-2735
2,M,100,"3789 Waterford Pkwy, Amelia, OH, 45102",Amelia,OH,45102,StreetAddress,4684000016,-84.251402,39.05212,3789 Waterford Pkwy,Amelia,205,ARBYS ROAST BEEF RESTAURANTS,3789 Waterford Pkwy,Amelia,Union Township,OH,513-943-1496
9,M,100,"1815 State Route 125, Amelia, OH, 45102",Amelia,OH,45102,StreetAddress,4684000005,-84.186508,39.01518,1815 State Rt 125,Amelia,298,SUBWAY IN WALMART,1815 State Rt 125,Amelia,Pierce Township,OH,513-797-0451
12,M,100,"11257 Reed Hartman Hwy, Blue Ash, OH, 45241",Blue Ash,OH,45241,StreetAddress,4684000008,-84.37588,39.271158,11257 Reed Hartman Hwy,Blue Ash,360,CHIPOTLE MEXICAN GRILL,11257 Reed Hartman Hwy,Blue Ash,Blue Ash,OH,513-469-1980
13,M,100,"11257 Reed Hartman Hwy, Blue Ash, OH, 45241",Blue Ash,OH,45241,StreetAddress,4684000008,-84.37588,39.271158,11257 Reed Hartman Hwy,Blue Ash,118,STARBUCKS COFFEE,11257 Reed Hartman Hwy,Blue Ash,Blue Ash,OH,513-247-0835
14,M,100,"11007 Reed Hartman Hwy, Blue Ash, OH, 45242",Blue Ash,OH,45242,StreetAddress,4684000008,-84.379815,39.265301,11007 Reed Hartman Hwy,Blue Ash,107,WENDYS OLD FASHIONED HAMBURGERS,11007 Reed Hartman Hwy,Blue Ash,Blue Ash,OH,513-984-4586
15,M,100,"4951 Cornell Rd, Blue Ash, OH, 45242",Blue Ash,OH,45242,StreetAddress,4684000008,-84.371558,39.269509,4951 Cornell Rd,Blue Ash,185,ARBYS ROAST BEEF RESTAURANTS,4951 Cornell Rd,Blue Ash,Blue Ash,OH,513-489-3014
16,M,100,"4640 Cornell Rd, Blue Ash, OH, 45241",Blue Ash,OH,45241,StreetAddress,4684000008,-84.377236,39.270443,4640 Cornell Rd,Blue Ash,18,MCDONALDS,4640 Cornell Rd,Blue Ash,Blue Ash,OH,513-489-0006
17,M,100,"11007 Reed Hartman Hwy, Blue Ash, OH, 45242",Blue Ash,OH,45242,StreetAddress,4684000008,-84.379815,39.265301,11007 Reed Hartman Hwy,Blue Ash,75,WENDYS,11007 Reed Hartman Hwy,Blue Ash,Blue Ash,OH,513-745-9571
18,M,100,"4140 Hunt Rd, Blue Ash, OH, 45236",Blue Ash,OH,45236,StreetAddress,4684000015,-84.396163,39.226246,4140 Hunt Rd,Blue Ash,42,MCDONALDS,4140 Hunt Rd,Blue Ash,Blue Ash,OH,513-793-9870
22,M,100,"3638 Harrison Ave, Cheviot, OH, 45211",Cheviot,OH,45211,StreetAddress,4684000007,-84.610234,39.156191,3638 Harrison Av,Cheviot,87,WENDYS OLD FASHIONED HAMBURGERS,3638 Harrison Av,Cheviot,Cheviot,OH,513-661-1344
23,M,100,"1018 Delta Ave, Cincinnati, OH, 45208",Cincinnati,OH,45208,StreetAddress,4684000007,-84.429952,39.129236,1018 Delta Av,Cincinnati,308,SUBWAY SANDWICHES SALADS,1018 Delta Av,Cincinnati,Mt Lookout,OH,513-321-0123
25,M,100,"7671 Beechmont Ave, Cincinnati, OH, 45255",Cincinnati,OH,45255,StreetAddress,4684000008,-84.345062,39.072696,7671 Beechmont Av,Cincinnati,2,MCDONALDS,7671 Beechmont Av,Cincinnati,Anderson Township,OH,513-231-4665
26,M,100,"110 Woolper Ave, Cincinnati, OH, 45220",Cincinnati,OH,45220,StreetAddress,4684000008,-84.511735,39.149842,110 Woolper Av,Cincinnati,315,RICHIES RESTAURAUNT,110 Woolper Av,Cincinnati,Clifton,OH,513-559-1878
27,M,100,"5427 Ridge Rd, Cincinnati, OH, 45213",Cincinnati,OH,45213,StreetAddress,4684000007,-84.426444,39.17126,5427 Ridge Rd,Cincinnati,6,MCDONALDS,5427 Ridge Rd,Cincinnati,Columbia Township,OH,513-351-2294
28,M,100,"5234 Ridge Rd, Cincinnati, OH, 45213",Cincinnati,OH,45213,StreetAddress,4684000016,-84.423841,39.168097,5234 Ridge Rd,Cincinnati,316,JACK IN THE BOX,5234 Ridge Rd,Cincinnati,Columbia Township,OH,513-531-5225
29,M,100,"4871 Reading Rd, Cincinnati, OH, 45237",Cincinnati,OH,45237,StreetAddress,4684000007,-84.467118,39.175093,4871 Reading Rd,Cincinnati,314,RICHIES FAST FOOD RESTAURANT,4871 Reading Rd,Cincinnati,Bond Hill,OH,513-641-1877
31,M,100,"9677 Colerain Ave, Cincinnati, OH, 45251",Cincinnati,OH,45251,StreetAddress,4684000017,-84.596398,39.247183,9677 Colerain Av,Cincinnati,8,MCDONALDS,9677 Colerain Av,Cincinnati,Colerain Township,OH,513-385-5624
32,T,100,"2500 Highland Ave, Cincinnati, OH, 45219",Cincinnati,OH,45219,StreetAddress,4684000015,-84.50333,39.126806,2500 Highland Av,Cincinnati,319,TACO BELL,2500 Highland Av,Cincinnati,Mt Auburn,OH,513-221-2373
34,M,100,"4025 Mount Carmel Tobasco Rd, Cincinnati, OH, 45255",Cincinnati,OH,45255,StreetAddress,4684000017,-84.300451,39.0713,4025 Mt Carmel-Tobasco Rd,Cincinnati,14,MCDONALDS,4025 Mt Carmel-Tobasco Rd,Cincinnati,Cherry Grove,OH,513-449-7361
36,M,100,"5341 Glenway Ave, Cincinnati, OH, 45238",Cincinnati,OH,45238,StreetAddress,4684000008,-84.605148,39.126969,5341 Glenway Av,Cincinnati,15,MCDONALDS,5341 Glenway Av,Cincinnati,Price Hill,OH,513-451-1418
38,M,100,"9449 Colerain Ave, Cincinnati, OH, 45251",Cincinnati,OH,45251,StreetAddress,4684000010,-84.594852,39.243075,9449 Colerain Av,Cincinnati,321,TACO BELL,9449 Colerain Av,Cincinnati,Colerain Township,OH,513-245-1735
39,M,100,"4025 Mount Carmel Tobasco Rd, Cincinnati, OH, 45255",Cincinnati,OH,45255,StreetAddress,4684000017,-84.300451,39.0713,4025 Mt Carmel-Tobasco Rd,Cincinnati,21,MCDONALDS,4025 Mt Carmel-Tobasco Rd,Cincinnati,Cherry Grove,OH,513-528-1226
41,M,100,"9254 Winton Rd, Cincinnati, OH, 45231",Cincinnati,OH,45231,StreetAddress,4684000007,-84.509476,39.234458,9254 Winton Rd,Cincinnati,20,MCDONALDS,9254 Winton Rd,Cincinnati,Springfield Twp,OH,513-522-0833
42,M,100,"3941 Red Bank Rd, Cincinnati, OH, 45227",Cincinnati,OH,45227,StreetAddress,4684000014,-84.404914,39.146879,3941 Red Bank Rd,Cincinnati,323,TACO BELL,3941 Red Bank Rd,Cincinnati,Oakley,OH,513-271-0102
44,M,100,"919 North Bend Rd, Cincinnati, OH, 45224",Cincinnati,OH,45224,StreetAddress,4684000008,-84.520839,39.2013,919 North Bend Rd,Cincinnati,22,MCDONALDS,919 North Bend Rd,Cincinnati,College Hill,OH,513-541-8888
45,M,100,"6433 Glenway Ave, Cincinnati, OH, 45211",Cincinnati,OH,45211,StreetAddress,4684000008,-84.62789,39.150441,6433 Glenway Av,Cincinnati,26,MCDONALDS,6433 Glenway Av,Cincinnati,Bridgetown,OH,513-574-8535
46,M,100,"5425 N Bend Rd, Cincinnati, OH, 45247",Cincinnati,OH,45247,StreetAddress,4684000007,-84.601212,39.188755,5425 North Bend Rd,Cincinnati,27,MCDONALDS,5425 North Bend Rd,Cincinnati,Monfort Heights,OH,513-662-2217
47,M,100,"5404 N Bend Rd, Cincinnati, OH, 45247",Cincinnati,OH,45247,StreetAddress,4684000007,-84.601699,39.188225,5404 North Bend Rd,Cincinnati,326,TACO BELL,5404 North Bend Rd,Cincinnati,Monfort Heights,OH,513-389-1172
48,M,100,"5060 Delhi Rd, Cincinnati, OH, 45238",Cincinnati,OH,45238,StreetAddress,4684000015,-84.611303,39.09517,5060 Delhi Rd,Cincinnati,327,TACO BELL,5060 Delhi Rd,Cincinnati,Delhi Township,OH,513-451-7576
50,M,100,"5659 Rapid Run Rd, Cincinnati, OH, 45238",Cincinnati,OH,45238,StreetAddress,4684000008,-84.633617,39.111822,5659 Rapid Run Rd,Cincinnati,291,SUBWAY,5659 Rapid Run Rd,Cincinnati,Delhi Township,OH,513-922-6333
51,M,100,"812 Eastgate North Dr, Cincinnati, OH, 45245",Cincinnati,OH,45245,StreetAddress,4684000014,-84.271727,39.099879,812 Eastgate North Dr,Cincinnati,36,MCDONALDS,812 Eastgate North Dr,Cincinnati,Gleneste,OH,513-752-2008
52,M,100,"8157 Beechmont Ave, Cincinnati, OH, 45255",Cincinnati,OH,45255,StreetAddress,4684000008,-84.328228,39.072813,8157 Beechmont Av,Cincinnati,328,TACO BELL,8157 Beechmont Av,Cincinnati,Anderson Township,OH,513-474-5138
53,M,100,"5061 Delhi Rd, Cincinnati, OH, 45238",Cincinnati,OH,45238,StreetAddress,4684000015,-84.611373,39.095048,5061 Delhi Rd,Cincinnati,290,SUBWAY,5061 Delhi Rd,Cincinnati,Delhi Township,OH,513-922-1781
54,M,100,"9200 Winton Rd, Cincinnati, OH, 45231",Cincinnati,OH,45231,StreetAddress,4684000007,-84.509559,39.233681,9200 Winton Rd,Cincinnati,329,TACO BELL,9200 Winton Rd,Cincinnati,Springfield Twp,OH,513-521-1097
55,M,100,"8339 Colerain Ave, Cincinnati, OH, 45239",Cincinnati,OH,45239,StreetAddress,4684000017,-84.587051,39.222406,8339 Colerain Av,Cincinnati,35,MCDONALDS,8339 Colerain Av,Cincinnati,Colerain Township,OH,513-741-0266
56,M,100,"7142 Reading Rd, Cincinnati, OH, 45237",Cincinnati,OH,45237,StreetAddress,4684000008,-84.462348,39.190527,7142 Reading Rd,Cincinnati,32,MCDONALDS,7142 Reading Rd,Cincinnati,Roselawn,OH,513-731-4508
57,M,100,"6579 Glenway Ave, Cincinnati, OH, 45211",Cincinnati,OH,45211,StreetAddress,4684000008,-84.6291,39.15564,6579 Glenway Av,Cincinnati,333,TACO BELL,6579 Glenway Av,Cincinnati,Bridgetown,OH,513-574-0049
58,M,100,"820 Eastgate South Dr, Cincinnati, OH, 45245",Cincinnati,OH,45245,StreetAddress,4684000014,-84.267572,39.095034,820 Eastgate South Dr,Cincinnati,336,TACO BELL,820 Eastgate South Dr,Cincinnati,Summerside,OH,513-752-6010
59,M,100,"5201 Delhi Rd, Cincinnati, OH, 45238",Cincinnati,OH,45238,StreetAddress,4684000008,-84.615812,39.094327,5201 Delhi Rd,Cincinnati,356,CHIPOTLE MEXICAN GRILL,5201 Delhi Rd,Cincinnati,Delhi Township,OH,513-347-0500
60,M,100,"7630 Beechmont Ave, Cincinnati, OH, 45255",Cincinnati,OH,45255,StreetAddress,4684000007,-84.346199,39.07282,7630 Beechmont Av,Cincinnati,355,CHIPOTLE MEXICAN GRILL,7630 Beechmont Av,Cincinnati,Anderson Township,OH,513-231-0157
61,M,100,"7900 Colerain Ave, Cincinnati, OH, 45239",Cincinnati,OH,45239,StreetAddress,4684000007,-84.585517,39.217659,7900 Colerain Av,Cincinnati,186,ARBYS ROAST BEEF RESTAURANTS,7900 Colerain Av,Cincinnati,Colerain Township,OH,513-521-0043
62,M,100,"5500 Colerain Ave, Cincinnati, OH, 45239",Cincinnati,OH,45239,StreetAddress,4684000008,-84.570512,39.191286,5500 Colerain Av,Cincinnati,331,TACO BELL,5500 Colerain Av,Cincinnati,Mt Airy,OH,513-541-2366
63,M,100,"4370 Eastgate Square Dr, Cincinnati, OH, 45245",Cincinnati,OH,45245,StreetAddress,4684000007,-84.270639,39.092925,4370 Eastgate Square Dr,Cincinnati,282,SUBWAY,4370 Eastgate Square Dr,Cincinnati,Summerside,OH,513-752-7827
64,M,100,"5555 Glenway Ave, Cincinnati, OH, 45238",Cincinnati,OH,45238,StreetAddress,4684000008,-84.609383,39.131293,5555 Glenway Av,Cincinnati,359,CHIPOTLE MEXICAN GRILL,5555 Glenway Av,Cincinnati,Westwood,OH,513-451-2683
65,M,100,"9430 Colerain Ave, Cincinnati, OH, 45251",Cincinnati,OH,45251,StreetAddress,4684000010,-84.594583,39.24314,9430 Colerain Av,Cincinnati,358,CHIPOTLE MEXICAN GRILL,9430 Colerain Av,Cincinnati,Colerain Township,OH,513-385-2156
67,M,100,"5234 Ridge Rd, Cincinnati, OH, 45213",Cincinnati,OH,45213,StreetAddress,4684000016,-84.423841,39.168097,5234 Ridge Rd,Cincinnati,51,JACK IN THE BOX,5234 Ridge Rd,Cincinnati,Columbia Township,OH,513-531-5225
70,M,100,"5301 Ridge Rd, Cincinnati, OH, 45213",Cincinnati,OH,45213,StreetAddress,4684000007,-84.424312,39.168735,5301 Ridge Rd,Cincinnati,277,SUBWAY,5301 Ridge Rd,Cincinnati,Columbia Township,OH,513-631-6767
71,M,100,"9470 Colerain Ave, Cincinnati, OH, 45251",Cincinnati,OH,45251,StreetAddress,4684000010,-84.594825,39.243802,9470 Colerain Av,Cincinnati,53,CHICK FIL A,9470 Colerain Av,Cincinnati,Colerain Township,OH,513-245-0451
72,M,100,"6550 Glenway Ave, Cincinnati, OH, 45211",Cincinnati,OH,45211,StreetAddress,4684000008,-84.628468,39.154497,6550 Glenway Av,Cincinnati,275,SUBWAY,6550 Glenway Av,Cincinnati,Bridgetown,OH,513-598-1114
73,M,100,"3949 Spring Grove Ave, Cincinnati, OH, 45223",Cincinnati,OH,45223,StreetAddress,4684000017,-84.539694,39.158172,3949 Spring Grove Av,Cincinnati,274,SUBWAY,3949 Spring Grove Av,Cincinnati,Northside,OH,513-541-0560
74,M,100,"5301 Glenway Ave, Cincinnati, OH, 45238",Cincinnati,OH,45238,StreetAddress,4684000008,-84.604371,39.125839,5301 Glenway Av,Cincinnati,273,SUBWAY,5301 Glenway Av,Cincinnati,Price Hill,OH,513-510-4054
77,M,100,"8598 Beechmont Ave, Cincinnati, OH, 45255",Cincinnati,OH,45255,StreetAddress,4684000016,-84.315883,39.072047,8598 Beechmont Av,Cincinnati,59,CHICK FIL A OF BEECHMONT AVE,8598 Beechmont Av,Cincinnati,Cherry Grove,OH,513-474-2445
78,M,100,"6455 Glenway Ave, Cincinnati, OH, 45211",Cincinnati,OH,45211,StreetAddress,4684000008,-84.627834,39.151253,6455 Glenway Av,Cincinnati,366,CHIPOTLE MEXICAN GRILL,6455 Glenway Av,Cincinnati,Bridgetown,OH,513-598-4455
80,M,100,"1018 Delta Ave, Cincinnati, OH, 45208",Cincinnati,OH,45208,StreetAddress,4684000007,-84.429952,39.129236,1018 Delta Av,Cincinnati,268,SUBWAY,1018 Delta Av,Cincinnati,Mt Lookout,OH,513-321-0123
81,M,100,"3134 Harrison Ave, Cincinnati, OH, 45211",Cincinnati,OH,45211,StreetAddress,4684000007,-84.600847,39.151487,3134 Harrison Av,Cincinnati,270,SUBWAY,3134 Harrison Av,Cincinnati,Westwood,OH,513-407-6220
82,M,100,"8234 Colerain Ave, Cincinnati, OH, 45239",Cincinnati,OH,45239,StreetAddress,4684000017,-84.586177,39.220709,8234 Colerain Av,Cincinnati,63,BROWNSWAY WENDYS,8234 Colerain Av,Cincinnati,Colerain Township,OH,513-741-0117
83,M,100,"8234 Colerain Ave, Cincinnati, OH, 45239",Cincinnati,OH,45239,StreetAddress,4684000017,-84.586177,39.220709,8234 Colerain Av,Cincinnati,64,BROWNSWAY WENDYS,8234 Colerain Av,Cincinnati,Colerain Township,OH,513-827-9055
85,M,100,"10152 Colerain Ave, Cincinnati, OH, 45251",Cincinnati,OH,45251,StreetAddress,4684000017,-84.60194,39.258926,10152 Colerain Av,Cincinnati,68,BROWNSWAY WENDYS,10152 Colerain Av,Cincinnati,Colerain Township,OH,513-385-5371
88,M,100,"8660 Beechmont Ave, Cincinnati, OH, 45255",Cincinnati,OH,45255,StreetAddress,4684000007,-84.314807,39.071979,8660 Beechmont Av,Cincinnati,71,WENDYS,8660 Beechmont Av,Cincinnati,Cherry Grove,OH,513-388-0033
90,M,100,"11400 Dallas Blvd, Cincinnati, OH, 45231",Cincinnati,OH,45231,StreetAddress,4684000007,-84.565119,39.286379,11400 Dallas Blvd,Cincinnati,74,WENDYS,11400 Dallas Blvd,Cincinnati,Colerain Township,OH,513-742-9999
91,M,100,"2507 Clifton Ave, Cincinnati, OH, 45219",Cincinnati,OH,45219,StreetAddress,4684000015,-84.520853,39.128497,2507 Clifton Av,Cincinnati,380,CHIPOTLE MEXICAN GRILL INCORPORATED,2507 Clifton Av,Cincinnati,University Heights,OH,513-281-8600
93,M,100,"2238 Beechmont Ave, Cincinnati, OH, 45230",Cincinnati,OH,45230,StreetAddress,4684000008,-84.387081,39.095318,2238 Beechmont Av,Cincinnati,77,WENDYS OLD FASHIONED HAMBURGERS,2238 Beechmont Av,Cincinnati,Mt Washington,OH,513-231-4834
94,M,100,"5685 Springdale Rd, Cincinnati, OH, 45251",Cincinnati,OH,45251,StreetAddress,4684000007,-84.627824,39.233051,5685 Springdale Rd,Cincinnati,267,SUBWAY,5685 Springdale Rd,Cincinnati,Colerain Township,OH,513-245-0142
95,M,100,"3725 Paxton Ave, Cincinnati, OH, 45209",Cincinnati,OH,45209,StreetAddress,4684000007,-84.431858,39.145177,3725 Paxton Av,Cincinnati,382,CHIPOTLE MEXICAN GRILL INCORPORATED,3725 Paxton Av,Cincinnati,Oakley,OH,513-631-3800
96,M,100,"5460 N Bend Rd, Cincinnati, OH, 45247",Cincinnati,OH,45247,StreetAddress,4684000007,-84.600149,39.189571,5460 North Bend Rd,Cincinnati,82,WENDYS OLD FASHIONED HAMBURGERS,5460 North Bend Rd,Cincinnati,Monfort Heights,OH,513-481-6018
97,M,100,"8375 Winton Rd, Cincinnati, OH, 45231",Cincinnati,OH,45231,StreetAddress,4684000015,-84.517742,39.221744,8375 Winton Rd,Cincinnati,383,CHIPOTLE MEXICAN GRILL INCORPORATED,8375 Winton Rd,Cincinnati,Finneytown,OH,513-931-9333
98,M,100,"6243 Glenway Ave, Cincinnati, OH, 45211",Cincinnati,OH,45211,StreetAddress,4684000008,-84.623917,39.14502,6243 Glenway Av,Cincinnati,83,WENDYS OLD FASHIONED HAMBURGERS,6243 Glenway Av,Cincinnati,Westwood,OH,513-481-7366
100,M,100,"5330 Ridge Rd, Cincinnati, OH, 45213",Cincinnati,OH,45213,StreetAddress,4684000007,-84.425071,39.169932,5330 Ridge Rd,Cincinnati,84,WENDYS OLD FASHIONED HAMBURGERS,5330 Ridge Rd,Cincinnati,Columbia Township,OH,513-531-3389
105,T,100,"5218 Beechmont Ave, Cincinnati, OH, 00000",Cincinnati,OH,0,StreetAddress,4684000007,-84.397355,39.10638,5218 Beechmont Av,Cincinnati,124,STARBUCKS COFFEE,5218 Beechmont Av,Cincinnati,Anderson Township,OH,513-233-3973
106,M,100,"830 Eastgate South Dr, Cincinnati, OH, 45245",Cincinnati,OH,45245,StreetAddress,4684000014,-84.267271,39.094981,830 Eastgate South Dr,Cincinnati,389,FIVE GUYS,830 Eastgate South Dr,Cincinnati,Summerside,OH,513-752-1300
107,M,100,"4559 Eastgate Blvd, Cincinnati, OH, 45245",Cincinnati,OH,45245,StreetAddress,4684000016,-84.273227,39.102249,4559 Eastgate Blvd,Cincinnati,93,WENDYS OLD FASHIONED HAMBURGERS,4559 Eastgate Blvd,Cincinnati,Summerside,OH,513-752-9225
108,M,100,"4451 Eastgate Blvd, Cincinnati, OH, 45245",Cincinnati,OH,45245,StreetAddress,4684000007,-84.275694,39.097449,4451 Eastgate Blvd,Cincinnati,393,SONIC DRIVE IN EASTGATE,4451 Eastgate Blvd,Cincinnati,Summerside,OH,513-947-3777
109,M,100,"4601 Eastgate Blvd, Cincinnati, OH, 45245",Cincinnati,OH,45245,StreetAddress,4684000016,-84.27348,39.102995,4601 Eastgate Blvd,Cincinnati,249,GOLD STAR CHILI,4601 Eastgate Blvd,Cincinnati,Summerside,OH,513-752-0108
110,M,100,"582 Old State Route 74, Cincinnati, OH, 45244",Cincinnati,OH,45244,StreetAddress,4684000000,-84.306057,39.111551,582 Old State Rt 74,Cincinnati,254,GOLD STAR CHILI,582 Old State Rt 74,Cincinnati,Mt Carmel,OH,513-528-0033
111,M,100,"243 Calhoun St, Cincinnati, OH, 45219",Cincinnati,OH,45219,StreetAddress,4684000015,-84.516349,39.128258,243 Calhoun St,Cincinnati,111,STARBUCKS,243 Calhoun St,Cincinnati,Clifton Heights,OH,513-281-3100
112,M,100,"5420 Ridge Rd, Cincinnati, OH, 45213",Cincinnati,OH,45213,StreetAddress,4684000007,-84.426266,39.171254,5420 Ridge Rd,Cincinnati,248,GOLD STAR CHILI,5420 Ridge Rd,Cincinnati,Columbia Township,OH,513-631-1990
113,M,100,"5560 Glenway Ave, Cincinnati, OH, 45238",Cincinnati,OH,45238,StreetAddress,4684000008,-84.60942,39.13151,5560 Glenway Av,Cincinnati,112,STARBUCKS,5560 Glenway Av,Cincinnati,Westwood,OH,513-347-0257
117,M,100,"3026 Burnet Ave, Cincinnati, OH, 45219",Cincinnati,OH,45219,StreetAddress,4684000015,-84.501057,39.134321,3026 Burnet Av,Cincinnati,240,GOLD STAR CHILI,3026 Burnet Av,Cincinnati,Avondale,OH,513-751-4929
118,M,100,"3568 Columbia Pkwy, Cincinnati, OH, 45226",Cincinnati,OH,45226,StreetAddress,4684000007,-84.436669,39.115785,3568 Columbia Pkwy,Cincinnati,119,STARBUCKS COFFEE,3568 Columbia Pkwy,Cincinnati,Columbia Tusculum,OH,513-533-4127
121,M,100,"866 Eastgate North Dr, Cincinnati, OH, 45245",Cincinnati,OH,45245,StreetAddress,4684000014,-84.266905,39.096854,866 Eastgate North Dr,Cincinnati,125,STARBUCKS COFFEE,866 Eastgate North Dr,Cincinnati,Gleneste,OH,513-943-4858
123,M,100,"8549 Winton Rd, Cincinnati, OH, 45231",Cincinnati,OH,45231,StreetAddress,4684000015,-84.517272,39.223317,8549 Winton Rd,Cincinnati,154,BURGER KING,8549 Winton Rd,Cincinnati,Finneytown,OH,513-931-8134
124,M,100,"851 Eastgate South Dr, Cincinnati, OH, 45245",Cincinnati,OH,45245,StreetAddress,4684000014,-84.266743,39.094738,851 Eastgate South Dr,Cincinnati,196,ARBYS ROAST BEEF RESTAURANTS,851 Eastgate South Dr,Cincinnati,Summerside,OH,513-752-4222
125,M,100,"3786 Paxton Ave, Cincinnati, OH, 45209",Cincinnati,OH,45209,StreetAddress,4684000015,-84.429352,39.146456,3786 Paxton Av,Cincinnati,127,STARBUCKS COFFEE,3786 Paxton Av,Cincinnati,Oakley,OH,513-321-3373
126,M,100,"6531 Winton Rd, Cincinnati, OH, 45224",Cincinnati,OH,45224,StreetAddress,4684000008,-84.521249,39.202344,6531 Winton Rd,Cincinnati,235,GOLD STAR CHILI,6531 Winton Rd,Cincinnati,Finneytown,OH,513-541-5170
127,M,100,"6176 Glenway Ave, Cincinnati, OH, 45211",Cincinnati,OH,45211,StreetAddress,4684000008,-84.623035,39.144581,6176 Glenway Av,Cincinnati,237,GOLD STAR CHILI,6176 Glenway Av,Cincinnati,Westwood,OH,513-661-6818
129,M,100,"5015 Glenway Ave, Cincinnati, OH, 45238",Cincinnati,OH,45238,StreetAddress,4684000007,-84.601731,39.122017,5015 Glenway Av,Cincinnati,141,BURGER KING,5015 Glenway Av,Cincinnati,Price Hill,OH,513-471-8399
130,M,100,"8253 Colerain Ave, Cincinnati, OH, 45239",Cincinnati,OH,45239,StreetAddress,4684000010,-84.586554,39.220921,8253 Colerain Av,Cincinnati,234,GOLD STAR CHILI,8253 Colerain Av,Cincinnati,Colerain Township,OH,513-385-7132
131,M,100,"9911 Colerain Ave, Cincinnati, OH, 45251",Cincinnati,OH,45251,StreetAddress,4684000017,-84.598964,39.253018,9911 Colerain Av,Cincinnati,137,STARBUCKS COFFEE COMPANY,9911 Colerain Av,Cincinnati,Colerain Township,OH,513-245-2459
132,M,100,"6452 Glenway Ave, Cincinnati, OH, 45211",Cincinnati,OH,45211,StreetAddress,4684000008,-84.627693,39.151144,6452 Glenway Av,Cincinnati,144,BURGER KING,6452 Glenway Av,Cincinnati,Bridgetown,OH,513-574-4900
134,M,100,"10170 Colerain Ave, Cincinnati, OH, 45251",Cincinnati,OH,45251,StreetAddress,4684000017,-84.602158,39.259342,10170 Colerain Av,Cincinnati,146,BURGER KING,10170 Colerain Av,Cincinnati,Colerain Township,OH,513-741-7373
135,M,100,"812 Eastgate South Dr, Cincinnati, OH, 45245",Cincinnati,OH,45245,StreetAddress,4684000014,-84.267812,39.095077,812 Eastgate South Dr,Cincinnati,147,BURGER KING,812 Eastgate South Dr,Cincinnati,Summerside,OH,513-752-8141
136,M,100,"5120 Delhi Rd, Cincinnati, OH, 45238",Cincinnati,OH,45238,StreetAddress,4684000015,-84.613611,39.094812,5120 Delhi Rd,Cincinnati,151,BURGER KING,5120 Delhi Rd,Cincinnati,Delhi Township,OH,513-922-1880
138,M,100,"9427 Colerain Ave, Cincinnati, OH, 45251",Cincinnati,OH,45251,StreetAddress,4684000010,-84.594669,39.242578,9427 Colerain Av,Cincinnati,152,BURGER KING,9427 Colerain Av,Cincinnati,Colerain Township,OH,513-923-9427
140,M,100,"4540 Reading Rd, Cincinnati, OH, 45229",Cincinnati,OH,45229,StreetAddress,4684000014,-84.470526,39.166485,4540 Reading Rd,Cincinnati,247,GOLD STAR CHILI,4540 Reading Rd,Cincinnati,Bond Hill,OH,513-242-2211
142,M,100,"3725 Warsaw Ave, Cincinnati, OH, 45205",Cincinnati,OH,45205,StreetAddress,4684000008,-84.574218,39.112073,3725 Warsaw Av,Cincinnati,158,BURGER KING RESTAURANTS,3725 Warsaw Av,Cincinnati,Price Hill,OH,513-471-9955
143,M,100,"3201 Harrison Ave, Cincinnati, OH, 45211",Cincinnati,OH,45211,StreetAddress,4684000007,-84.603007,39.153611,3201 Harrison Av,Cincinnati,221,WHITE CASTLE SYSTEM INCORPORATED,3201 Harrison Av,Cincinnati,Westwood,OH,513-662-6000
145,M,100,"5301 Delhi Rd, Cincinnati, OH, 45238",Cincinnati,OH,45238,StreetAddress,4684000008,-84.618561,39.093697,5301 Delhi Rd,Cincinnati,216,WHITE CASTLE SYSTEM INCORPORATED,5301 Delhi Rd,Cincinnati,Delhi Township,OH,513-451-3720
146,M,100,"3400 Central Pkwy, Cincinnati, OH, 45225",Cincinnati,OH,45225,StreetAddress,4684000007,-84.536009,39.145441,3400 Central Pkwy,Cincinnati,212,WHITE CASTLE PURCHASING COMPANY,3400 Central Pkwy,Cincinnati,University Heights,OH,513-559-0575
147,M,100,"6225 Glenway Ave, Cincinnati, OH, 45211",Cincinnati,OH,45211,StreetAddress,4684000008,-84.623368,39.144633,6225 Glenway Av,Cincinnati,172,POPEYES CHICKEN,6225 Glenway Av,Cincinnati,Westwood,OH,513-662-2191
149,M,100,"3410 Highland Ave, Cincinnati, OH, 45213",Cincinnati,OH,45213,StreetAddress,4684000008,-84.422253,39.170591,3410 Highland Av,Cincinnati,206,WHITE CASTLE,3410 Highland Av,Cincinnati,Columbia Township,OH,513-631-5900
150,M,100,"7131 Reading Rd, Cincinnati, OH, 45237",Cincinnati,OH,45237,StreetAddress,4684000018,-84.462738,39.190532,7131 Reading Rd,Cincinnati,175,POPEYES CHICKEN BISCUITS,7131 Reading Rd,Cincinnati,Roselawn,OH,513-731-1997
151,M,100,"5015 Delhi Rd, Cincinnati, OH, 45238",Cincinnati,OH,45238,StreetAddress,4684000015,-84.609588,39.095215,5015 Delhi Rd,Cincinnati,183,ARBYS ROAST BEEF RESTAURANTS,5015 Delhi Rd,Cincinnati,Delhi Township,OH,513-451-5565
152,M,100,"3573 Springdale Rd, Cincinnati, OH, 45251",Cincinnati,OH,45251,StreetAddress,4684000017,-84.595773,39.249159,3573 Springdale Rd,Cincinnati,182,ARBYS ROAST BEEF RESTAURANTS,3573 Springdale Rd,Cincinnati,Colerain Township,OH,513-385-1100
154,T,100,"Colerain Ave & Springdale Rd, Cincinnati, OH, 00000",,,,StreetInt,,-84.596789,39.248503,Colerain Av & Springdale Rd,Cincinnati,215,WHITE CASTLE SYSTEM INCORPORATED,Colerain Av & Springdale Rd,Cincinnati,Colerain Township,OH,513-385-5464
155,M,100,"7790 Beechmont Ave, Cincinnati, OH, 45255",Cincinnati,OH,45255,StreetAddress,4684000008,-84.341054,39.072761,7790 Beechmont Av,Cincinnati,184,ARBYS ROAST BEEF RESTAURANTS,7790 Beechmont Av,Cincinnati,Anderson Township,OH,513-474-5880
156,M,100,"6271 Glenway Ave, Cincinnati, OH, 45211",Cincinnati,OH,45211,StreetAddress,4684000008,-84.624903,39.145844,6271 Glenway Av,Cincinnati,191,ARBYS ROAST BEEF RESTAURANTS,6271 Glenway Av,Cincinnati,Bridgetown,OH,513-661-0088
157,M,100,"8657 Winton Rd, Cincinnati, OH, 45231",Cincinnati,OH,45231,StreetAddress,4684000007,-84.516425,39.224556,8657 Winton Rd,Cincinnati,187,ARBYS ROAST BEEF RESTAURANTS,8657 Winton Rd,Cincinnati,Finneytown,OH,513-521-0332
159,M,100,"6330 Hamilton Cleves Rd, Cleves, OH, 45002",Cleves,OH,45002,StreetAddress,4684000008,-84.706436,39.209056,6330 Hamilton Cleves Rd,Cleves,80,WENDYS OLD FASHIONED HAMBURGERS,6330 Hamilton Cleves Rd,Cleves,Whitewater Twp,OH,513-353-9355
160,M,100,"1000 Brown St, Dayton, OH, 45409",Dayton,OH,45409,StreetAddress,4684000016,-84.182937,39.745385,1000 Brown St,Dayton,349,TACO BELL,1000 Brown St,Dayton,Dayton,OH,937-461-9568
161,M,100,"4871 Reading Rd, Cincinnati, OH, 45237",Cincinnati,OH,45237,StreetAddress,4684000007,-84.467118,39.175093,4871 Reading Rd,Cincinnati,312,RICHIES FAST FOOD RESTAURANT,4871 Reading Rd,Cincinnati,Bond Hill,OH,513-641-1878
173,M,100,"3126 Exon Ave, Evendale, OH, 45241",Evendale,OH,45241,StreetAddress,4684000008,-84.421203,39.260295,3126 Exon Av,Evendale,211,WHITE CASTLE PURCHASING,3126 Exon Av,Evendale,Evendale,OH,513-563-2290
176,M,100,"10425 Reading Rd, Evendale, OH, 45241",Evendale,OH,45241,StreetAddress,4684000017,-84.422353,39.254731,10425 Reading Rd,Evendale,143,BURGER KING,10425 Reading Rd,Evendale,Evendale,OH,513-563-1525
177,M,100,"10365 Reading Rd, Evendale, OH, 45241",Evendale,OH,45241,StreetAddress,4684000010,-84.42337,39.253291,10365 Reading Rd,Evendale,189,ARBYS ROAST BEEF RESTAURANTS,10365 Reading Rd,Evendale,Evendale,OH,513-563-7303
178,M,100,"10775 Reading Rd, Evendale, OH, 45241",Evendale,OH,45241,StreetAddress,4684000017,-84.417076,39.26213,10775 Reading Rd,Evendale,94,WENDYS OLD FASHIONED HAMBURGERS,10775 Reading Rd,Evendale,Evendale,OH,513-769-6789
179,M,100,"3994 Red Bank Rd, Fairfax, OH, 45227",Fairfax,OH,45227,StreetAddress,4684000014,-84.404586,39.14823,3994 Red Bank Rd,Fairfax,70,WENDYS,3994 Red Bank Rd,Fairfax,Fairfax,OH,513-271-1467
182,M,100,"6213 Wooster Pike, Fairfax, OH, 45227",Fairfax,OH,45227,StreetAddress,4684000007,-84.387709,39.143186,6213 Wooster Pike,Fairfax,364,CHIPOTLE MEXICAN GRILL,6213 Wooster Pike,Fairfax,Fairfax,OH,513-561-5600
183,M,100,"470 Nilles Rd, Fairfield, OH, 45014",Fairfield,OH,45014,StreetAddress,4684000009,-84.563302,39.337919,470 Nilles Rd,Fairfield,241,GOLD STAR CHILI,470 Nilles Rd,Fairfield,Fairfield,OH,513-858-3400
184,M,100,"558 Nilles Rd, Fairfield, OH, 45014",Fairfield,OH,45014,StreetAddress,4684000009,-84.561247,39.33783,558 Nilles Rd,Fairfield,199,ARBYS ROAST BEEF RESTAURANTS,558 Nilles Rd,Fairfield,Fairfield,OH,513-829-5253
186,M,100,"6755 Dixie Hwy, Fairfield, OH, 45014",Fairfield,OH,45014,StreetAddress,4684000008,-84.495606,39.318661,6755 Dixie Hwy,Fairfield,258,GOLD STAR CHILI FAIRFIELD,6755 Dixie Hwy,Fairfield,Fairfield,OH,513-860-4822
187,M,100,"5410 Dixie Hwy, Fairfield, OH, 45014",Fairfield,OH,45014,StreetAddress,4684000001,-84.527174,39.335606,5410 Dixie Hwy,Fairfield,378,CHIPOTLE MEXICAN GRILL,5410 Dixie Hwy,Fairfield,Fairfield,OH,513-939-3600
188,M,100,"5102 Dixie Hwy, Fairfield, OH, 45014",Fairfield,OH,45014,StreetAddress,4684000004,-84.534254,39.339786,5102 Dixie Hwy,Fairfield,170,POPEYE CHICKEN,5102 Dixie Hwy,Fairfield,Fairfield,OH,513-939-1555
189,M,100,"5590 Dixie Hwy, Fairfield, OH, 45014",Fairfield,OH,45014,StreetAddress,4684000014,-84.521937,39.332816,5590 Dixie Hwy,Fairfield,210,WHITE CASTLE,5590 Dixie Hwy,Fairfield,Fairfield,OH,513-942-1186
190,M,100,"650 Nilles Rd, Fairfield, OH, 45014",Fairfield,OH,45014,StreetAddress,4684000008,-84.558726,39.337715,650 Nilles Rd,Fairfield,340,TACO BELL,650 Nilles Rd,Fairfield,Fairfield,OH,513-829-1359
191,M,100,"4730 Dixie Hwy, Fairfield, OH, 45014",Fairfield,OH,45014,StreetAddress,4684000014,-84.541371,39.34783,4730 Dixie Hwy,Fairfield,98,WENDYS OLD FASHIONED HAMBURGERS,4730 Dixie Hwy,Fairfield,Fairfield,OH,513-829-1938
192,M,100,"5440 Dixie Hwy, Fairfield, OH, 45014",Fairfield,OH,45014,StreetAddress,4684000001,-84.526242,39.335103,5440 Dixie Hwy,Fairfield,126,STARBUCKS COFFEE,5440 Dixie Hwy,Fairfield,Fairfield,OH,513-939-2999
193,M,100,"4760 Dixie Hwy, Fairfield, OH, 45014",Fairfield,OH,45014,StreetAddress,4684000001,-84.540858,39.347168,4760 Dixie Hwy,Fairfield,45,MCDONALDS,4760 Dixie Hwy,Fairfield,Fairfield,OH,513-829-9000
194,M,100,"6755 Dixie Hwy, Fairfield, OH, 45014",Fairfield,OH,45014,StreetAddress,4684000008,-84.495606,39.318661,6755 Dixie Hwy,Fairfield,242,GOLD STAR CHILI,6755 Dixie Hwy,Fairfield,Fairfield,OH,513-860-0444
195,M,100,"4820 Dixie Hwy, Fairfield, OH, 45014",Fairfield,OH,45014,StreetAddress,4684000001,-84.540205,39.346379,4820 Dixie Hwy,Fairfield,287,SUBWAY,4820 Dixie Hwy,Fairfield,Fairfield,OH,513-829-1986
196,M,100,"6735 Dixie Hwy, Fairfield, OH, 45014",Fairfield,OH,45014,StreetAddress,4684000008,-84.495869,39.31879,6735 Dixie Hwy,Fairfield,202,ARBYS ROAST BEEF RESTAURANTS,6735 Dixie Hwy,Fairfield,Fairfield,OH,513-870-0228
197,M,100,"6600 Dixie Hwy, Fairfield, OH, 45014",Fairfield,OH,45014,StreetAddress,4684000008,-84.497872,39.319833,6600 Dixie Hwy,Fairfield,288,SUBWAY,6600 Dixie Hwy,Fairfield,Fairfield,OH,513-874-1303
198,M,100,"2290 Waycross Rd, Forest Park, OH, 45240",Forest Park,OH,45240,StreetAddress,4684000008,-84.563888,39.27973,2290 Waycross Rd,Forest Park,10,MCDONALDS,2290 Waycross Rd,Forest Park,Forest Park,OH,513-407-8125
199,M,100,"2290 Waycross Rd, Forest Park, OH, 45240",Forest Park,OH,45240,StreetAddress,4684000008,-84.563888,39.27973,2290 Waycross Rd,Forest Park,11,MCDONALDS,2290 Waycross Rd,Forest Park,Forest Park,OH,513-407-8761
200,M,100,"2290 Waycross Rd, Forest Park, OH, 45240",Forest Park,OH,45240,StreetAddress,4684000008,-84.563888,39.27973,2290 Waycross Rd,Forest Park,9,MCDONALDS,2290 Waycross Rd,Forest Park,Forest Park,OH,513-407-7585
201,M,100,"1150 W Kemper Rd, Forest Park, OH, 45240",Forest Park,OH,45240,StreetAddress,4684000017,-84.521742,39.28909,1150 West Kemper Rd,Forest Park,286,SUBWAY,1150 West Kemper Rd,Forest Park,Forest Park,OH,513-825-6704
202,M,100,"2290 Waycross Rd, Forest Park, OH, 45240",Forest Park,OH,45240,StreetAddress,4684000008,-84.563888,39.27973,2290 Waycross Rd,Forest Park,13,MCDONALDS,2290 Waycross Rd,Forest Park,Forest Park,OH,513-429-2032
203,M,100,"2290 Waycross Rd, Forest Park, OH, 45240",Forest Park,OH,45240,StreetAddress,4684000008,-84.563888,39.27973,2290 Waycross Rd,Forest Park,48,MCDONALDS,2290 Waycross Rd,Forest Park,Forest Park,OH,513-851-3735
204,M,100,"11898 Chase Plaza Dr, Forest Park, OH, 45240",Forest Park,OH,45240,StreetAddress,4684000017,-84.525171,39.296203,11898 Chase Plaza Dr,Forest Park,99,WENDYS OLD FASHIONED HAMBURGERS,11898 Chase Plaza Dr,Forest Park,Forest Park,OH,513-851-1502
205,M,100,"1165 Kemper Meadow Dr, Forest Park, OH, 45240",Forest Park,OH,45240,StreetAddress,4684000015,-84.521702,39.292567,1165 Kemper Meadow Dr,Forest Park,176,POPEYES CHICKEN BISCUITS,1165 Kemper Meadow Dr,Forest Park,Forest Park,OH,513-742-4888
206,M,100,"631 Northland Blvd, Forest Park, OH, 45240",Forest Park,OH,45240,StreetAddress,4684000008,-84.495898,39.281388,631 Northland Blvd,Forest Park,44,MCDONALDS,631 Northland Blvd,Forest Park,Forest Park,OH,513-825-5210
207,M,100,"1150 Smiley Ave, Forest Park, OH, 45240",Forest Park,OH,45240,StreetAddress,4684000008,-84.523004,39.296821,1150 Smiley Av,Forest Park,135,STARBUCKS COFFEE COMPANY,1150 Smiley Av,Forest Park,Forest Park,OH,513-648-9816
210,M,100,"6776 Goshen Rd, Goshen, OH, 45122",Goshen,OH,45122,StreetAddress,4684000000,-84.157673,39.230321,6776 Goshen Rd,Goshen,31,MCDONALDS,6776 Goshen Rd,Goshen,Goshen,OH,513-722-2070
212,M,100,"1261 State Route 125, Hamersville, OH, 45130",Hamersville,OH,45130,StreetAddress,4684000006,-84.012457,38.935049,1261 State Rt 125,Hamersville,37,MCDONALDS,1261 State Rt 125,Hamersville,Pierce Township,OH,513-753-6100
218,M,100,"1700 S Erie Blvd, Hamilton, OH, 45011",Hamilton,OH,45011,StreetAddress,4684000009,-84.549768,39.379836,1700 S Erie Blvd,Hamilton,252,GOLD STAR CHILI,1700 S Erie Blvd,Hamilton,Hamilton,OH,513-896-9715
219,M,100,"6651 State Route 123, Franklin, OH, 45005",Franklin,OH,45005,StreetAddress,4684000006,-84.290178,39.539852,6651 State Rte 123,Franklin,108,WENDYS OLD FASHIONED HAMBURGERS,6651 State Rte 123,Franklin,Franklin,OH,937-743-1274
231,M,100,"10894 New Haven Rd, Harrison, OH, 45030",Harrison,OH,45030,StreetAddress,4684000015,-84.801416,39.25909,10894 New Haven Rd,Harrison,140,BURGER KING,10894 New Haven Rd,Harrison,Harrison,OH,513-367-0609
232,M,100,"589 Ring Rd, Harrison, OH, 45030",Harrison,OH,45030,StreetAddress,4684000014,-84.79538,39.25854,589 Ring Rd,Harrison,354,CHIPOTLE MEXICAN GRILL,589 Ring Rd,Harrison,Harrison,OH,513-202-1420
233,M,100,"10910 New Haven Rd, Harrison, OH, 45030",Harrison,OH,45030,StreetAddress,4684000015,-84.801709,39.258931,10910 New Haven Rd,Harrison,213,WHITE CASTLE SYSTEM INCORPORATED,10910 New Haven Rd,Harrison,Harrison,OH,513-367-5553
234,M,100,"10423 Harrison Ave, Harrison, OH, 45030",Harrison,OH,45030,StreetAddress,4684000007,-84.787692,39.248701,10423 Harrison Av,Harrison,318,TACO BELL,10423 Harrison Av,Harrison,Harrison,OH,513-202-0285
235,M,100,"10940 New Haven Rd, Harrison, OH, 45030",Harrison,OH,45030,StreetAddress,4684000015,-84.802256,39.258526,10940 New Haven Rd,Harrison,81,WENDYS OLD FASHIONED HAMBURGERS,10940 New Haven Rd,Harrison,Harrison,OH,513-367-2886
236,M,100,"10890 New Haven Rd, Harrison, OH, 45030",Harrison,OH,45030,StreetAddress,4684000015,-84.801338,39.259127,10890 New Haven Rd,Harrison,181,ARBYS ROAST BEEF RESTAURANTS,10890 New Haven Rd,Harrison,Harrison,OH,513-367-5806
237,M,100,"10554 Harrison Ave, Harrison, OH, 45030",Harrison,OH,45030,StreetAddress,4684000008,-84.794153,39.252674,10554 Harrison Av,Harrison,324,TACO BELL,10554 Harrison Av,Harrison,Harrison,OH,513-367-5970
247,M,100,"6494 Brandt Pike, Huber Heights, OH, 45424",Huber Heights,OH,45424,StreetAddress,4684000002,-84.114111,39.846659,6494 Brandt Pike,Huber Heights,162,KENTUCKY FRIED CHICKEN,6494 Brandt Pike,Huber Heights,Huber Heights,OH,937-233-5205
263,M,100,"9537 Mangham Dr, Lincoln Heights, OH, 45215",Lincoln Heights,OH,45215,StreetAddress,4684000008,-84.452195,39.237171,9537 Mangham Dr,Lincoln Heights,90,WENDYS OLD FASHIONED HAMBURGERS,9537 Mangham Dr,Lincoln Heights,Lincoln Heights,OH,513-733-5149
264,M,100,"9557 Mangham Dr, Lincoln Heights, OH, 45215",Lincoln Heights,OH,45215,StreetAddress,4684000008,-84.452289,39.238253,9557 Mangham Dr,Lincoln Heights,338,TACO BELL,9557 Mangham Dr,Lincoln Heights,Lincoln Heights,OH,513-769-8226
268,M,100,"10567 Loveland Madeira Rd, Loveland, OH, 45140",Loveland,OH,45140,StreetAddress,4684000008,-84.296667,39.250894,10567 Loveland Madeira Rd,Loveland,370,CHIPOTLE MEXICAN GRILL,10567 Loveland Madeira Rd,Loveland,Loveland,OH,513-683-0255
272,M,100,"8300 Arbor Square Dr, Mason, OH, 45040",Mason,OH,45040,StreetAddress,4684000016,-84.313906,39.318354,8300 Arbor Square Dr,Mason,1,MCDONALDS,8300 Arbor Square Dr,Mason,Deerfield Township,OH,513-229-0141
273,M,100,"5150 Merten Dr, Mason, OH, 45040",Mason,OH,45040,StreetAddress,4684000004,-84.317577,39.298141,5150 Merten Dr,Mason,55,CHICK FIL A,5150 Merten Dr,Mason,Deerfield Township,OH,513-770-3445
275,M,100,"6806 Wooster Pike, Mariemont, OH, 45227",Mariemont,OH,45227,StreetAddress,4684000016,-84.377002,39.145335,6806 Wooster Pike,Mariemont,130,STARBUCKS COFFEE,6806 Wooster Pike,Mariemont,Mariemont,OH,513-272-6839
278,M,100,"8231 Arbor Square Dr, Mason, OH, 45040",Mason,OH,45040,StreetAddress,4684000016,-84.313999,39.319033,8231 Arbor Square Dr,Mason,272,SUBWAY,8231 Arbor Square Dr,Mason,Deerfield Township,OH,513-459-7827
282,M,100,"5561 State Route 741, Mason, OH, 45040",Mason,OH,45040,StreetAddress,4684000018,-84.268033,39.357793,5561 St Rt 741,Mason,179,ARBYS ROAST BEEF RESTAURANTS,5561 St Rt 741,Mason,Mason,OH,513-229-0913
283,M,100,"5538 State Route 741, Mason, OH, 45040",Mason,OH,45040,StreetAddress,4684000018,-84.268707,39.357941,5538 St Rt 741,Mason,311,SUBWAY SANDWICHES SALADS,5538 St Rt 741,Mason,Mason,OH,513-398-3650
284,M,100,"10 Lawrence Ave, Miamisburg, OH, 45342",Miamisburg,OH,45342,StreetAddress,4684000015,-84.269839,39.640692,10 Lawrence Av,Miamisburg,351,TACO BELL,10 Lawrence Av,Miamisburg,Miamisburg,OH,937-859-8001
285,M,100,"3361 Towne Blvd, Middletown, OH, 00000",Middletown,OH,0,StreetAddress,4684000004,-84.330021,39.493727,3361 Towne Blvd,Middletown,161,KENTUCKY FRIED CHICKEN,3361 Towne Blvd,Middletown,Middletown,OH,513-424-1110
286,M,100,"253 Springboro Pike, Miamisburg, OH, 45342",Miamisburg,OH,45342,StreetAddress,4684000017,-84.225338,39.637709,253 Springboro Pike,Miamisburg,168,KENTUCKY FRIED CHICKEN,253 Springboro Pike,Miamisburg,Miamisburg,OH,937-433-0980
287,M,100,"109 Springboro Pike, Miamisburg, OH, 45342",Miamisburg,OH,45342,StreetAddress,4684000017,-84.225334,39.637743,109 Springboro Pike,Miamisburg,353,TACO BELL TWO SEVEN FOUR THREE,109 Springboro Pike,Miamisburg,Miamisburg,OH,937-439-4739
292,M,100,"205 Rivers Edge Dr, Milford, OH, 45150",Milford,OH,45150,StreetAddress,4684000014,-84.275015,39.161115,205 Rivers Edge Dr,Milford,300,SUBWAY SANDWICH SALAD,205 Rivers Edge Dr,Milford,Milford,OH,513-576-9091
293,M,100,"889 State Route 28, Milford, OH, 45150",Milford,OH,45150,StreetAddress,4684000014,-84.258323,39.188859,889 State Rt 28,Milford,322,TACO BELL,889 State Rt 28,Milford,Mulberry,OH,513-248-0901
294,M,100,"1065 State Route 28, Milford, OH, 45150",Milford,OH,45150,StreetAddress,4684000017,-84.236127,39.194972,1065 State Rt 28,Milford,392,SONIC DRIVE IN,1065 State Rt 28,Milford,Mulberry,OH,513-576-9400
297,M,100,"990 Lila Ave, Milford, OH, 45150",Milford,OH,45150,StreetAddress,4684000018,-84.276506,39.173861,990 Lila Av,Milford,3,MCDONALDS,990 Lila Av,Milford,Milford,OH,513-248-9328
298,M,100,"3019 Kettering Blvd, Moraine, OH, 45439",Moraine,OH,45439,StreetAddress,4684000008,-84.201629,39.708183,3019 Kettering Bl,Moraine,347,TACO BELL,3019 Kettering Bl,Moraine,Moraine,OH,937-298-7353
302,M,100,"1043 Old US Highway 52, New Richmond, OH, 45157",New Richmond,OH,45157,StreetAddress,4684000003,-84.285659,38.965468,1043 Old US Hwy 52,New Richmond,47,MCDONALDS,1043 Old US Hwy 52,New Richmond,New Richmond,OH,513-843-4592
303,M,100,"1043 Old US Highway 52, New Richmond, OH, 45157",New Richmond,OH,45157,StreetAddress,4684000003,-84.285659,38.965468,1043 Old US Hwy 52,New Richmond,23,MCDONALDS,1043 Old US Hwy 52,New Richmond,New Richmond,OH,513-553-0581
309,M,100,"3751 Montgomery Rd, Norwood, OH, 45212",Norwood,OH,45212,StreetAddress,4684000008,-84.46651,39.147853,3751 Montgomery Rd,Norwood,243,GOLD STAR CHILI,3751 Montgomery Rd,Norwood,Norwood,OH,513-873-2465
317,M,100,"4600 Smith Rd, Norwood, OH, 45212",Norwood,OH,45212,StreetAddress,4684000007,-84.453011,39.159743,4600 Smith Rd,Norwood,180,ARBYS ROAST BEEF RESTAURANTS,4600 Smith Rd,Norwood,Norwood,OH,513-351-8552
318,M,100,"8908 Reading Rd, Reading, OH, 45215",Reading,OH,45215,StreetAddress,4684000007,-84.44099,39.222694,8908 Reading Rd,Reading,38,MCDONALDS,8908 Reading Rd,Reading,Reading,OH,513-761-6702
319,M,100,"9188 Reading Rd, Reading, OH, 45215",Reading,OH,45215,StreetAddress,4684000007,-84.438734,39.22643,9188 Reading Rd,Reading,332,TACO BELL,9188 Reading Rd,Reading,Reading,OH,513-554-0017
320,M,100,"8398 Reading Rd, Reading, OH, 45237",Reading,OH,45237,StreetAddress,4684000007,-84.447695,39.211523,8398 Reading Rd,Reading,294,SUBWAY,8398 Reading Rd,Reading,Reading,OH,513-821-6800
321,M,100,"2076 Harshman Rd, Riverside, OH, 45424",Riverside,OH,45424,StreetAddress,4684000004,-84.129719,39.800459,2076 Harshman Rd,Riverside,343,TACO BELL,2076 Harshman Rd,Riverside,Riverside,OH,937-233-5478
322,M,100,"3131 Valley Pike, Riverside, OH, 45404",Riverside,OH,45404,StreetAddress,4684000008,-84.129885,39.797828,3131 Valley Pike,Riverside,163,KENTUCKY FRIED CHICKEN,3131 Valley Pike,Riverside,Riverside,OH,937-237-7181
326,M,100,"4209 Linden Ave, Riverside, OH, 45432",Riverside,OH,45432,StreetAddress,4684000004,-84.119005,39.744156,4209 Linden Av,Riverside,164,KENTUCKY FRIED CHICKEN,4209 Linden Av,Riverside,Riverside,OH,937-253-0888
327,M,100,"11974 Lebanon Rd, Sharonville, OH, 45241",Sharonville,OH,45241,StreetAddress,4684000015,-84.393728,39.292431,11974 Lebanon Rd,Sharonville,375,CHIPOTLE MEXICAN GRILL,11974 Lebanon Rd,Sharonville,Sharonville,OH,513-786-6565
328,M,100,"2241 Crowne Point Dr, Sharonville, OH, 45241",Sharonville,OH,45241,StreetAddress,4684000008,-84.437292,39.265938,2241 Crowne Point Dr,Sharonville,280,SUBWAY,2241 Crowne Point Dr,Sharonville,Sharonville,OH,513-722-7250
329,M,100,"3900 Hauck Rd, Sharonville, OH, 45241",Sharonville,OH,45241,StreetAddress,4684000015,-84.397023,39.290371,3900 Hauck Rd,Sharonville,24,MCDONALDS,3900 Hauck Rd,Sharonville,Sharonville,OH,513-563-6090
330,M,100,"1583 E Kemper Rd, Sharonville, OH, 45246",Sharonville,OH,45246,StreetAddress,4684000007,-84.446366,39.285395,1583 East Kemper Rd,Sharonville,95,WENDYS OLD FASHIONED HAMBURGERS,1583 East Kemper Rd,Sharonville,Sharonville,OH,513-772-2261
333,M,100,"11700 Princeton Pike, Springdale, OH, 45246",Springdale,OH,45246,StreetAddress,4684000008,-84.466509,39.290399,11700 Princeton Pike,Springdale,134,STARBUCKS COFFEE,11700 Princeton Pike,Springdale,Springdale,OH,513-671-0066
335,M,100,"11700 Princeton Pike, Springdale, OH, 45246",Springdale,OH,45246,StreetAddress,4684000008,-84.466509,39.290399,11700 Princeton Pike,Springdale,369,CHIPOTLE MEXICAN GRILL,11700 Princeton Pike,Springdale,Springdale,OH,513-671-7400
337,M,100,"501 E Kemper Rd, Springdale, OH, 45246",Springdale,OH,45246,StreetAddress,4684000017,-84.460698,39.287293,501 East Kemper Rd,Springdale,61,CHICK FIL A SPRINGDALE FSU,501 East Kemper Rd,Springdale,Springdale,OH,513-671-9333
338,M,100,"400 Northland Blvd, Springdale, OH, 45240",Springdale,OH,45240,StreetAddress,4684000005,-84.48545,39.282482,400 Northland Blvd,Springdale,100,WENDYS OLD FASHIONED HAMBURGERS,400 Northland Blvd,Springdale,Springdale,OH,513-851-2232
340,M,100,"810 Kemper Commons Cir, Springdale, OH, 45246",Springdale,OH,45246,StreetAddress,4684000015,-84.457689,39.287792,810 Kemper Commons Cir,Springdale,388,FIVE GUYS,810 Kemper Commons Cir,Springdale,Springdale,OH,513-671-3483
359,M,100,"8111 Highland Pointe Dr, West Chester, OH, 00000",West Chester,OH,0,StreetAddress,4684000018,-84.394289,39.34829,8111 Highland Pointe Dr,West Chester,225,WHITE CASTLE SYSTEM INCORPORATED,8111 Highland Pointe Dr,West Chester,West Chester,OH,513-755-6000
360,M,100,"7325 Kingsgate Way, West Chester, OH, 45069",West Chester,OH,45069,StreetAddress,4684000001,-84.370005,39.353082,7325 Kingsgate Way,West Chester,197,ARBYS ROAST BEEF RESTAURANTS,7325 Kingsgate Way,West Chester,West Chester,OH,513-777-2616
362,M,100,"8251 Princeton Glendale Rd, West Chester, OH, 00000",West Chester,OH,0,StreetAddress,4684000003,-84.461451,39.351596,8251 Princeton Glendale Rd,West Chester,49,MCDONALDS,8251 Princeton Glendale Rd,West Chester,West Chester,OH,513-857-5745
363,M,100,"7782 Dudley Dr, West Chester, OH, 45069",West Chester,OH,45069,StreetAddress,4684000001,-84.369578,39.353919,7782 Dudley Dr,West Chester,157,BURGER KING RESTAURANT,7782 Dudley Dr,West Chester,West Chester,OH,513-777-8323
364,M,100,"9244 Floer Dr, West Chester, OH, 45069",West Chester,OH,45069,StreetAddress,4684000004,-84.430964,39.322925,9244 Floer Dr,West Chester,136,STARBUCKS COFFEE COMPANY,9244 Floer Dr,West Chester,West Chester,OH,513-860-0329
365,M,100,"7085 Liberty Centre Dr, West Chester, OH, 45069",West Chester,OH,45069,StreetAddress,4684000018,-84.384576,39.37194,7085 Liberty Centre Dr,West Chester,40,MCDONALDS,7085 Liberty Centre Dr,West Chester,West Chester,OH,513-777-9688
366,M,100,"8288 Cincinnati Dayton Rd, West Chester, OH, 45069",West Chester,OH,45069,StreetAddress,4684000018,-84.395495,39.347078,8288 Cincinnati Dayton Rd,West Chester,283,SUBWAY,8288 Cincinnati Dayton Rd,West Chester,West Chester,OH,513-759-1872
367,M,100,"8291 Cincinnati Dayton Rd, West Chester, OH, 45069",West Chester,OH,45069,StreetAddress,4684000018,-84.395638,39.347046,8291 Cincinnati Dayton Rd,West Chester,284,SUBWAY,8291 Cincinnati Dayton Rd,West Chester,West Chester,OH,513-759-6521
369,M,100,"7783 Cox Ln, West Chester, OH, 45069",West Chester,OH,45069,StreetAddress,4684000015,-84.366489,39.353463,7783 Cox Ln,West Chester,138,STARBUCKS COFFEE COMPANY,7783 Cox Ln,West Chester,West Chester,OH,513-755-3739
373,M,100,"9324 Union Centre Blvd, West Chester, OH, 45069",West Chester,OH,45069,StreetAddress,4684000016,-84.430307,39.324475,9324 Union Centre Blvd,West Chester,384,CHIPOTLE MEXICAN GRILL INCORPORATED,9324 Union Centre Blvd,West Chester,West Chester,OH,513-942-5501
374,M,100,"8251 Princeton Glendale Rd, West Chester, OH, 00000",West Chester,OH,0,StreetAddress,4684000003,-84.461451,39.351596,8251 Princeton Glendale Rd,West Chester,50,MCDONALDS,8251 Princeton Glendale Rd,West Chester,West Chester,OH,513-860-4106
377,M,100,"8232 Princeton Glendale Rd, West Chester, OH, 45069",West Chester,OH,45069,StreetAddress,4684000003,-84.461288,39.351866,8232 Princeton Glendale Rd,West Chester,265,MJJ SUBWAY,8232 Princeton Glendale Rd,West Chester,West Chester,OH,513-860-2666
378,M,100,"8382 Cincinnati Dayton Rd, West Chester, OH, 45069",West Chester,OH,45069,StreetAddress,4684000018,-84.395633,39.34529,8382 Cincinnati Dayton Rd,West Chester,177,ARBYS RESTAURANT,8382 Cincinnati Dayton Rd,West Chester,West Chester,OH,513-755-6031
379,M,100,"8324 Cincinnati Dayton Rd, West Chester, OH, 45069",West Chester,OH,45069,StreetAddress,4684000018,-84.395541,39.346357,8324 Cincinnati Dayton Rd,West Chester,96,WENDYS OLD FASHIONED HAMBURGERS,8324 Cincinnati Dayton Rd,West Chester,West Chester,OH,513-779-6516
380,M,100,"8245 Highland Pointe Dr, West Chester, OH, 45069",West Chester,OH,45069,StreetAddress,4684000018,-84.394605,39.34618,8245 Highland Pointe Dr,West Chester,394,SONIC DRIVE IN WESTCHESTER,8245 Highland Pointe Dr,West Chester,West Chester,OH,513-779-7700